Instrument,Description,Pointsize,Currency,AssetClass,PerBlock,Percentage,PerTrade,Region
30YRCONF,ICE U.S. Conforming 30-year Fixed Mortgage Rate Lock Weighted APR,5000,USD,Bond,0,0,0,US
30YRJUMBO,ICE U.S.Jumbo 30-year Fixed Mortgage Rate Lock Weighted APR,5000,USD,Bond,0,0,0,US
AAPL_yfinance,Apple Inc (yfinance),1,USD,Equity,0,0.0004,0,US
ABBV_yfinance,ABBV (yfinance),1,USD,Equity,0,0.0004,0,US
ABNB_yfinance,ABNB (yfinance),1,USD,Equity,0,0.0004,0,US
ABT_yfinance,ABT (yfinance),1,USD,Equity,0,0.0004,0,US
ACGL_yfinance,ACGL (yfinance),1,USD,Equity,0,0.0004,0,US
ACN_yfinance,ACN (yfinance),1,USD,Equity,0,0.0004,0,US
ADBE_yfinance,ADBE (yfinance),1,USD,Equity,0,0.0004,0,US
ADI_yfinance,ADI (yfinance),1,USD,Equity,0,0.0004,0,US
ADM_yfinance,ADM (yfinance),1,USD,Equity,0,0.0004,0,US
ADP_yfinance,ADP (yfinance),1,USD,Equity,0,0.0004,0,US
ADSK_yfinance,ADSK (yfinance),1,USD,Equity,0,0.0004,0,US
AEE_yfinance,AEE (yfinance),1,USD,Equity,0,0.0004,0,US
AEP_yfinance,AEP (yfinance),1,USD,Equity,0,0.0004,0,US
AES_yfinance,AES (yfinance),1,USD,Equity,0,0.0004,0,US
AEX,Netherlands equity index AEX,200,EUR,Equity,2.8,0,0,EMEA
AEX_mini,AEX mini,20,EUR,Equity,0.55,0,0,EMEA
AFL_yfinance,AFL (yfinance),1,USD,Equity,0,0.0004,0,US
AIG_yfinance,AIG (yfinance),1,USD,Equity,0,0.0004,0,US
AIZ_yfinance,AIZ (yfinance),1,USD,Equity,0,0.0004,0,US
AJG_yfinance,AJG (yfinance),1,USD,Equity,0,0.0004,0,US
AKAM_yfinance,AKAM (yfinance),1,USD,Equity,0,0.0004,0,US
ALB_yfinance,ALB (yfinance),1,USD,Equity,0,0.0004,0,US
ALGN_yfinance,ALGN (yfinance),1,USD,Equity,0,0.0004,0,US
ALLE_yfinance,ALLE (yfinance),1,USD,Equity,0,0.0004,0,US
ALL_yfinance,ALL (yfinance),1,USD,Equity,0,0.0004,0,US
ALUMINIUM,NYMEX Aluminum Index,25,USD,Metals,3.37,0,0,US
ALUMINIUM_LME,High-Grade Primary Aluminium,25,USD,Metals,1.05,0,0,EMEA
AMAT_yfinance,AMAT (yfinance),1,USD,Equity,0,0.0004,0,US
AMCR_yfinance,AMCR (yfinance),1,USD,Equity,0,0.0004,0,US
AMD_yfinance,AMD (yfinance),1,USD,Equity,0,0.0004,0,US
AMERIBOR-1M,CBOE One-Month AMERIBOR Average Rate Index,50,USD,STIR,0,0,0,US
AMERIBOR-3M,CBOE AMERIBOR Term-90,25,USD,STIR,0,0,0,US
AMERIBOR-T30,Cboe AMERIBOR Term-30 Futures Index,25,USD,STIR,0,0,0,US
AME_yfinance,AME (yfinance),1,USD,Equity,0,0.0004,0,US
AMGN_yfinance,AMGN (yfinance),1,USD,Equity,0,0.0004,0,US
AMP_yfinance,AMP (yfinance),1,USD,Equity,0,0.0004,0,US
AMT_yfinance,AMT (yfinance),1,USD,Equity,0,0.0004,0,US
AMX,AMX INDEX,50,EUR,Equity,0,0,0,EMEA
AMZN_yfinance,Amazon.com Inc (yfinance),1,USD,Equity,0,0.0004,0,US
ANET_yfinance,ANET (yfinance),1,USD,Equity,0,0.0004,0,US
AON_yfinance,AON (yfinance),1,USD,Equity,0,0.0004,0,US
AOS_yfinance,AOS (yfinance),1,USD,Equity,0,0.0004,0,US
APA_yfinance,APA (yfinance),1,USD,Equity,0,0.0004,0,US
APD_yfinance,APD (yfinance),1,USD,Equity,0,0.0004,0,US
APH_yfinance,APH (yfinance),1,USD,Equity,0,0.0004,0,US
APO_yfinance,APO (yfinance),1,USD,Equity,0,0.0004,0,US
APP_yfinance,APP (yfinance),1,USD,Equity,0,0.0004,0,US
APTV_yfinance,APTV (yfinance),1,USD,Equity,0,0.0004,0,US
ARES_yfinance,ARES (yfinance),1,USD,Equity,0,0.0004,0,US
ARE_yfinance,ARE (yfinance),1,USD,Equity,0,0.0004,0,US
ASX,Australian equity index ASX200,25,AUD,Equity,0,0,0,ASIA
ATO_yfinance,ATO (yfinance),1,USD,Equity,0,0.0004,0,US
ATX,ATX - Austrian Traded Index - DTB,10,EUR,Equity,0,0,0,EMEA
AUD,AUDUSD currency,100000,USD,FX,2.47,0,0,US
AUD-ICE,AUD.USD,100000,USD,FX,0,0,0,US
AUD-SGX,SGX Australian Dollar in US Dollar Futures,25000,USD,FX,2.85,0,0,ASIA
AUDCAD,Australlian dollar CAD,200000,CAD,FX,0,0,0,US
AUDJPY,Australlian dollar Yen CME,200000,JPY,FX,329.4,0,0,US
AUDJPY-SGX,SGX Australian Dollar in Japanese Yen Futures,25000,JPY,FX,285,0,0,ASIA
AUD_micro,AUDUSD micro,10000,USD,FX,0.41,0,0,US
AUSCASH,30 Day Interbank Cash Rate,2466,AUD,STIR,4.5,0,0,ASIA
AVB_yfinance,AVB (yfinance),1,USD,Equity,0,0.0004,0,US
AVGO_yfinance,AVGO (yfinance),1,USD,Equity,0,0.0004,0,US
AVY_yfinance,AVY (yfinance),1,USD,Equity,0,0.0004,0,US
AWK_yfinance,AWK (yfinance),1,USD,Equity,0,0.0004,0,US
AXON_yfinance,AXON (yfinance),1,USD,Equity,0,0.0004,0,US
AXP_yfinance,AXP (yfinance),1,USD,Equity,0,0.0004,0,US
AZO_yfinance,AZO (yfinance),1,USD,Equity,0,0.0004,0,US
A_yfinance,A (yfinance),1,USD,Equity,0,0.0004,0,US
BAC_yfinance,BAC (yfinance),1,USD,Equity,0,0.0004,0,US
BALL_yfinance,BALL (yfinance),1,USD,Equity,0,0.0004,0,US
BARLEY,Barley Futures (ASX),20,AUD,Ags,0,0,0,ASIA
BAX_yfinance,BAX (yfinance),1,USD,Equity,0,0.0004,0,US
BA_yfinance,BA (yfinance),1,USD,Equity,0,0.0004,0,US
BB3M,Three-Month Bloomberg Short-Term Bank Yield,2500,USD,Bond,2.12,0,0,US
BBCOMM,Bloomberg Commodity Index,100,USD,Ags,1.87,0,0,US
BBY_yfinance,BBY (yfinance),1,USD,Equity,0,0.0004,0,US
BDX_yfinance,BDX (yfinance),1,USD,Equity,0,0.0004,0,US
BEL20,BEL 20 Index (BFX@),10,EUR,Equity,4.5,0,0,EMEA
BEN_yfinance,BEN (yfinance),1,USD,Equity,0,0.0004,0,US
BF-B_yfinance,BF-B (yfinance),1,USD,Equity,0,0.0004,0,US
BG_yfinance,BG (yfinance),1,USD,Equity,0,0.0004,0,US
BIIB_yfinance,BIIB (yfinance),1,USD,Equity,0,0.0004,0,US
BITCOIN,Micro Bitcoin,0.1,USD,Metals,3.27,0,0,US
BITCOIN-BAKKT,Bakkt Bitcoin,1,USD,Metals,0,0,0,US
BKNG_yfinance,BKNG (yfinance),1,USD,Equity,0,0.0004,0,US
BKR_yfinance,BKR (yfinance),1,USD,Equity,0,0.0004,0,US
BK_yfinance,BK (yfinance),1,USD,Equity,0,0.0004,0,US
BLDR_yfinance,BLDR (yfinance),1,USD,Equity,0,0.0004,0,US
BLK_yfinance,BLK (yfinance),1,USD,Equity,0,0.0004,0,US
BMY_yfinance,BMY (yfinance),1,USD,Equity,0,0.0004,0,US
BOBL,German 5 year bond Bobl,1000,EUR,Bond,2,0,0,EMEA
BONO,ES 10 year bonds,1000,EUR,Bond,2,0,0,EMEA
BONO-MEFF,10 Year Government Bond,1000,EUR,Bond,0,0,0,EMEA
BONO10,10 Year Bond,1000,MXP,Bond,0,0,0,US
BONO3,3 Year Bond,1000,MXP,Bond,0,0,0,US
BOVESPA,Bovespa Index - USD,1,USD,Equity,0.85,0,0,US
BOVESPA-HK,Brazil Bovespa Stock Index HK,5,HKD,Equity,0,0,0,ASIA
BRE,BREUSD currency,100000,USD,FX,2.47,0,0,US
BRENT,NYMEX Brent Financial Futures Index,1000,USD,OilGas,0.85,0,0,US
BRENT-LAST,Brent Crude Oil - Last Day,1000,USD,OilGas,2.37,0,0,US
BRENT_W,Brent crude summer,1000,USD,OilGas,1.05,0,0,EMEA
BRK-B_yfinance,BRK-B (yfinance),1,USD,Equity,0,0.0004,0,US
BRO_yfinance,BRO (yfinance),1,USD,Equity,0,0.0004,0,US
BRR,CME CF Bitcoin Reference Rate,5,USD,Metals,0,0,0,US
BRREUR,CME CF Bitcoin-Euro Reference Rate,5,EUR,Metals,0,0,0,US
BR_yfinance,BR (yfinance),1,USD,Equity,0,0.0004,0,US
BSX_yfinance,BSX (yfinance),1,USD,Equity,0,0.0004,0,US
BTP,Italian 10 year bond BTP,1000,EUR,Bond,2,0,0,EMEA
BTP3,Short-Term Euro-BTP Italian Government Bond,1000,EUR,Bond,2,0,0,EMEA
BTP5,Mid-Term Euro-BTP Italian Government Bond,1000,EUR,Bond,0,0,0,EMEA
BUND,German 10 year bond Bund,1000,EUR,Bond,2,0,0,EMEA
BUTTER,CME Cash-Settled Butter Futures,200,USD,Ags,2.97,0,0,US
BUXL,German Buxl 15 to 30 year bond,1000,EUR,Bond,2,0,0,EMEA
BXP_yfinance,BXP (yfinance),1,USD,Equity,0,0.0004,0,US
BX_yfinance,BX (yfinance),1,USD,Equity,0,0.0004,0,US
CAC,French equity index CAC40,10,EUR,Equity,2,0,0,EMEA
CAD,CADUSD currency,100000,USD,FX,2.47,0,0,US
CAD10,Canadian 10 year bond,1000,CAD,Bond,2.4,0,0,US
CAD2,Canadian 2 year bond,1000,CAD,Bond,2.4,0,0,US
CAD5,Canadian 5 year bond,1000,CAD,Bond,2.4,0,0,US
CADJPY,CAD.JPY,200000,JPY,FX,0,0,0,US
CADJPY2,CAD.JPY,200000,JPY,FX,0,0,0,US
CADSTIR,Canadian STIR Bank acceptance,2500,CAD,STIR,2,0,0,US
CAD_micro,CADUSD_micro,10000,USD,FX,0.41,0,0,US
CAG_yfinance,CAG (yfinance),1,USD,Equity,0,0.0004,0,US
CAH_yfinance,CAH (yfinance),1,USD,Equity,0,0.0004,0,US
CAN-ENERGY,S&P TSE CAN Energy Index,200,CAD,Sector,0,0,0,US
CAN-FINANCE,S&P TSE CAN Financials Index,200,CAD,Sector,0,0,0,US
CAN-GOLD,S&P TSE CAN Gold Index,200,CAD,Sector,0,0,0,US
CAN-TECH,S&P TSE CAN Info Tech Index,500,CAD,Sector,0,0,0,US
CANNABIS_small,Small Cannabis,100,USD,Ags,0,0,0,US
CANOLA,Rapeseed (Canola) in CAD,20,CAD,Ags,2.4,0,0,US
CARR_yfinance,CARR (yfinance),1,USD,Equity,0,0.0004,0,US
CAT_yfinance,CAT (yfinance),1,USD,Equity,0,0.0004,0,US
CBOE_yfinance,CBOE (yfinance),1,USD,Equity,0,0.0004,0,US
CBRE_yfinance,CBRE (yfinance),1,USD,Equity,0,0.0004,0,US
CB_yfinance,CB (yfinance),1,USD,Equity,0,0.0004,0,US
CCI_yfinance,CCI (yfinance),1,USD,Equity,0,0.0004,0,US
CCL_yfinance,CCL (yfinance),1,USD,Equity,0,0.0004,0,US
CDNS_yfinance,CDNS (yfinance),1,USD,Equity,0,0.0004,0,US
CDW_yfinance,CDW (yfinance),1,USD,Equity,0,0.0004,0,US
CEG_yfinance,CEG (yfinance),1,USD,Equity,0,0.0004,0,US
CETES,91 Day Treasury Bill,1000,MXP,STIR,0,0,0,US
CFG_yfinance,CFG (yfinance),1,USD,Equity,0,0.0004,0,US
CF_yfinance,CF (yfinance),1,USD,Equity,0,0.0004,0,US
CH10,Swiss Federal Long-Term Bonds,1000,CHF,Bond,4,0,0,EMEA
CHD_yfinance,CHD (yfinance),1,USD,Equity,0,0.0004,0,US
CHEESE,Cheese,20000,USD,Ags,2.97,0,0,US
CHF,CHFUSD currency,125000,USD,FX,1.5,0,0,US
CHFJPY,CHFJPY,250000,JPY,FX,329.4,0,0,US
CHFJPY-ICE,CHFJPY,250000,JPY,FX,85,0,0,US
CHF_micro,CHFUSD micro,12500,USD,FX,0.41,0,0,US
CHINA120,CES China 120 Index,50,HKD,Equity,0,0,0,ASIA
CHINAA-CON,MSCI China A 50 Connect Index,25,USD,Equity,2.4,0,0,ASIA
CHRW_yfinance,CHRW (yfinance),1,USD,Equity,0,0.0004,0,US
CHTR_yfinance,CHTR (yfinance),1,USD,Equity,0,0.0004,0,US
CIEN_yfinance,CIEN (yfinance),1,USD,Equity,0,0.0004,0,US
CINF_yfinance,CINF (yfinance),1,USD,Equity,0,0.0004,0,US
CI_yfinance,CI (yfinance),1,USD,Equity,0,0.0004,0,US
CLP,Chilean peso,50000000,USD,FX,2.47,0,0,US
CLX_yfinance,CLX (yfinance),1,USD,Equity,0,0.0004,0,US
CL_yfinance,CL (yfinance),1,USD,Equity,0,0.0004,0,US
CMCSA_yfinance,CMCSA (yfinance),1,USD,Equity,0,0.0004,0,US
CME_yfinance,CME (yfinance),1,USD,Equity,0,0.0004,0,US
CMG_yfinance,CMG (yfinance),1,USD,Equity,0,0.0004,0,US
CMI_yfinance,CMI (yfinance),1,USD,Equity,0,0.0004,0,US
CMS_yfinance,CMS (yfinance),1,USD,Equity,0,0.0004,0,US
CNC_yfinance,CNC (yfinance),1,USD,Equity,0,0.0004,0,US
CNH,SGX US Dollar in offshore Chinese Renminbi (CNH),100000,CNH,FX,11.2,0,0,ASIA
CNH-CME,CNHUSD on CME,1000000,USD,FX,0,0,0,US
CNH-CME_micro,CHNHUSD micro CME,10000,CNH,FX,0,0,0,US
CNH-HK,CNHUSD on HK,100000,CNH,FX,0,0,0,ASIA
CNH-onshore,SGX onshore Chinese Renminbi (CNY) in US Dollar Futures (CY@SGX),500000,USD,FX,1.8,0,0,ASIA
CNHEUR,CNHEUR,1000000,EUR,FX,0,0,0,US
CNP_yfinance,CNP (yfinance),1,USD,Equity,0,0.0004,0,US
COAL,ICE Rotterdam Coal,1000,USD,OilGas,1.05,0,0,EMEA
COAL-GEORDIE,ICE Coals to Newcastle,1000,USD,OilGas,1.05,0,0,EMEA
COAL-RICH-BAY,ICE Richards Bay Coal,1000,USD,OilGas,0,0,0,EMEA
COCOA,Cocoa NY,10,USD,Ags,2.97,0,0,US
COCOA_LDN,Cocoa London,10,GBP,Ags,1,0,0,EMEA
COFFEE,Coffee,375,USD,Ags,2.97,0,0,US
COF_yfinance,COF (yfinance),1,USD,Equity,0,0.0004,0,US
COIN_yfinance,COIN (yfinance),1,USD,Equity,0,0.0004,0,US
COO_yfinance,COO (yfinance),1,USD,Equity,0,0.0004,0,US
COPPER,Copper,25000,USD,Metals,2.47,0,0,US
COPPER-micro,Copper micro,2500,USD,Metals,1.47,0,0,US
COPPER-mini,COMEX MINY Copper,12500,USD,Metals,1.87,0,0,US
COPPER_LME,Grade A Copper - LME,25,USD,Metals,0,0,0,EMEA
COP_yfinance,COP (yfinance),1,USD,Equity,0,0.0004,0,US
CORN,Corn,50,USD,Ags,2.97,0,0,US
CORN-EURO,Corn,50,EUR,Ags,2,0,0,US
CORN-JPN,Corn - Japan,50000,JPY,Ags,0,0,0,ASIA
CORN_BBG,Corn (BBG),50,USD,Ags,2.97,0,0,US
CORN_mini,Corn mini,10,USD,Ags,1.9,0,0,US
CORRA,3 Month CORRA,2500,CAD,STIR,2,0,0,US
COR_yfinance,COR (yfinance),1,USD,Equity,0,0.0004,0,US
COST_yfinance,COST (yfinance),1,USD,Equity,0,0.0004,0,US
COTTON,NYMEX Cotton index,50000,USD,Ags,2.32,0,0,US
COTTON2,Cotton #2,500,USD,Ags,2.97,0,0,US
CPAY_yfinance,CPAY (yfinance),1,USD,Equity,0,0.0004,0,US
CPB_yfinance,CPB (yfinance),1,USD,Equity,0,0.0004,0,US
CPRT_yfinance,CPRT (yfinance),1,USD,Equity,0,0.0004,0,US
CPT_yfinance,CPT (yfinance),1,USD,Equity,0,0.0004,0,US
CRH_yfinance,CRH (yfinance),1,USD,Equity,0,0.0004,0,US
CRL_yfinance,CRL (yfinance),1,USD,Equity,0,0.0004,0,US
CRM_yfinance,CRM (yfinance),1,USD,Equity,0,0.0004,0,US
CRUDE_ICE,West Texas Intermediate Light Sweet Crude Oil ICE,1000,USD,OilGas,0,0,0,EMEA
CRUDE_W,Light sweet crude Winter,1000,USD,OilGas,2.37,0,0,US
CRUDE_W_micro,micro WTI crude oil,100,USD,OilGas,0.77,0,0,US
CRUDE_W_mini,Light sweet crude Winter mini,500,USD,OilGas,2.07,0,0,US
CRWD_yfinance,CRWD (yfinance),1,USD,Equity,0,0.0004,0,US
CRYPTO_small,Small Cryptocurrency,100,USD,Metals,0,0,0,US
CSCO_yfinance,CSCO (yfinance),1,USD,Equity,0,0.0004,0,US
CSGP_yfinance,CSGP (yfinance),1,USD,Equity,0,0.0004,0,US
CSX_yfinance,CSX (yfinance),1,USD,Equity,0,0.0004,0,US
CTAS_yfinance,CTAS (yfinance),1,USD,Equity,0,0.0004,0,US
CTRA_yfinance,CTRA (yfinance),1,USD,Equity,0,0.0004,0,US
CTSH_yfinance,CTSH (yfinance),1,USD,Equity,0,0.0004,0,US
CTVA_yfinance,CTVA (yfinance),1,USD,Equity,0,0.0004,0,US
CVNA_yfinance,CVNA (yfinance),1,USD,Equity,0,0.0004,0,US
CVS_yfinance,CVS (yfinance),1,USD,Equity,0,0.0004,0,US
CVX_yfinance,CVX (yfinance),1,USD,Equity,0,0.0004,0,US
CZK,Czech koruna,4000000,USD,FX,2.47,0,0,US
C_yfinance,C (yfinance),1,USD,Equity,0,0.0004,0,US
DAL_yfinance,DAL (yfinance),1,USD,Equity,0,0.0004,0,US
DASH_yfinance,DASH (yfinance),1,USD,Equity,0,0.0004,0,US
DAX,DAX 30 Index (Deutsche Aktien Xchange 30),1,EUR,Equity,0.4,0,0,EMEA
DDOG_yfinance,DDOG (yfinance),1,USD,Equity,0,0.0004,0,US
DD_yfinance,DD (yfinance),1,USD,Equity,0,0.0004,0,US
DECK_yfinance,DECK (yfinance),1,USD,Equity,0,0.0004,0,US
DELL_yfinance,DELL (yfinance),1,USD,Equity,0,0.0004,0,US
DE_yfinance,DE (yfinance),1,USD,Equity,0,0.0004,0,US
DGX_yfinance,DGX (yfinance),1,USD,Equity,0,0.0004,0,US
DG_yfinance,DG (yfinance),1,USD,Equity,0,0.0004,0,US
DHI_yfinance,DHI (yfinance),1,USD,Equity,0,0.0004,0,US
DHR_yfinance,DHR (yfinance),1,USD,Equity,0,0.0004,0,US
DIS_yfinance,DIS (yfinance),1,USD,Equity,0,0.0004,0,US
DIVDAX,DivDAX Price Index,200,EUR,Equity,2,0,0,EMEA
DIVDAX-DIVI,DivDAX Dividend Points Index,1000,EUR,Equity,2,0,0,EMEA
DIVDAX-DIVI2,DAX Dividend Points Index,100,EUR,Equity,0,0,0,EMEA
DJSTX-SMALL,Dow Jones STOXX Small 200 Index,50,EUR,Equity,2,0,0,EMEA
DJUBS,Dow Jones-UBS Commodity Index,250,EUR,Ags,0,0,0,EMEA
DLR_yfinance,DLR (yfinance),1,USD,Equity,0,0.0004,0,US
DLTR_yfinance,DLTR (yfinance),1,USD,Equity,0,0.0004,0,US
DOC_yfinance,DOC (yfinance),1,USD,Equity,0,0.0004,0,US
DOV_yfinance,DOV (yfinance),1,USD,Equity,0,0.0004,0,US
DOW,Micro E-Mini Dow Jones Industrial Average Index,0.5,USD,Equity,0.62,0,0,US
DOW_YEN,OSE Dow Jones Industrial Average,100,JPY,Equity,0,0,0,ASIA
DOW_mini,Mini Sized Dow Jones Industrial Average $5,5,USD,Equity,2.25,0,0,US
DOW_yfinance,DOW (yfinance),1,USD,Equity,0,0.0004,0,US
DPZ_yfinance,DPZ (yfinance),1,USD,Equity,0,0.0004,0,US
DRI_yfinance,DRI (yfinance),1,USD,Equity,0,0.0004,0,US
DTE_yfinance,DTE (yfinance),1,USD,Equity,0,0.0004,0,US
DUK_yfinance,DUK (yfinance),1,USD,Equity,0,0.0004,0,US
DVA_yfinance,DVA (yfinance),1,USD,Equity,0,0.0004,0,US
DVN_yfinance,DVN (yfinance),1,USD,Equity,0,0.0004,0,US
DX,US Dollar Index,1000,USD,FX,2.22,0,0,US
DXCM_yfinance,DXCM (yfinance),1,USD,Equity,0,0.0004,0,US
D_yfinance,D (yfinance),1,USD,Equity,0,0.0004,0,US
EA_yfinance,EA (yfinance),1,USD,Equity,0,0.0004,0,US
EBAY_yfinance,EBAY (yfinance),1,USD,Equity,0,0.0004,0,US
ECL_yfinance,ECL (yfinance),1,USD,Equity,0,0.0004,0,US
EDOLLAR,US STIR Eurodollar,2500,USD,Bond,2.11,0,0,US
ED_yfinance,ED (yfinance),1,USD,Equity,0,0.0004,0,US
EFX_yfinance,EFX (yfinance),1,USD,Equity,0,0.0004,0,US
EG_yfinance,EG (yfinance),1,USD,Equity,0,0.0004,0,US
EIX_yfinance,EIX (yfinance),1,USD,Equity,0,0.0004,0,US
ELV_yfinance,ELV (yfinance),1,USD,Equity,0,0.0004,0,US
EL_yfinance,EL (yfinance),1,USD,Equity,0,0.0004,0,US
EME_yfinance,EME (yfinance),1,USD,Equity,0,0.0004,0,US
EMR_yfinance,EMR (yfinance),1,USD,Equity,0,0.0004,0,US
EOG_yfinance,EOG (yfinance),1,USD,Equity,0,0.0004,0,US
EPAM_yfinance,EPAM (yfinance),1,USD,Equity,0,0.0004,0,US
EPRA-EURO,FTSE EPRA-NAREIT Euro Zone,10,EUR,Housing,2,0,0,EMEA
EPRA-EUROPE,FTSE EPRA-NAREIT Europe,10,EUR,Housing,2,0,0,EMEA
EQIX_yfinance,EQIX (yfinance),1,USD,Equity,0,0.0004,0,US
EQR_yfinance,EQR (yfinance),1,USD,Equity,0,0.0004,0,US
EQT_yfinance,EQT (yfinance),1,USD,Equity,0,0.0004,0,US
ERIE_yfinance,ERIE (yfinance),1,USD,Equity,0,0.0004,0,US
ESS_yfinance,ESS (yfinance),1,USD,Equity,0,0.0004,0,US
ES_yfinance,ES (yfinance),1,USD,Equity,0,0.0004,0,US
ETHANOL,Ethanol CME,29000,USD,OilGas,2.97,0,0,US
ETHER-micro,Ethereum micro,0.1,USD,Metals,0.32,0,0,US
ETHEREUM,CME CF Ether-Dollar Reference Rate,50,USD,Metals,10,0,0,US
ETHRREUR,CME CF Ether-Euro Reference Rate,50,EUR,Metals,0,0,0,US
ETN_yfinance,ETN (yfinance),1,USD,Equity,0,0.0004,0,US
ETR_yfinance,ETR (yfinance),1,USD,Equity,0,0.0004,0,US
EU-AUTO,Dow Jones STOXX 600 Automobiles & Parts,50,EUR,Sector,2,0,0,EMEA
EU-BANKS,Dow Jones Euro STOXX Banks Index,50,EUR,Sector,2,0,0,EMEA
EU-BANKS-DIVI,EURO STOXX Banks Index Dividend Futures,500,EUR,Sector,2,0,0,EMEA
EU-BANKS2,Dow Jones STOXX 600 Banks,50,EUR,Equity,0,0,0,EMEA
EU-BASIC,Dow Jones STOXX 600 Basic Resources Index,50,EUR,Sector,2,0,0,EMEA
EU-CHEM,Dow Jones STOXX 600 Chemicals,50,EUR,Sector,2,0,0,EMEA
EU-CONSTRUCTION,Dow Jones STOXX 600 Construction & Materials,50,EUR,Sector,2,0,0,EMEA
EU-DIV30,Dow Jones Euro STOXX Select Dividend 30 Index,10,EUR,Equity,2,0,0,EMEA
EU-DIV30-DVP,Euro Stoxx Select Dividend 30 DVP,100,EUR,Equity,0,0,0,EMEA
EU-DIV50,Dow Jones EURO STOXX 50 Index-Dividenden,100,EUR,Equity,2,0,0,EMEA
EU-DJ-AUTO,Dow Jones Euro STOXX 600 Automobile & Parts,50,EUR,Sector,0,0,0,EMEA
EU-DJ-BASIC,Dow Jones Euro STOXX Basic Resources,50,EUR,Sector,0,0,0,EMEA
EU-DJ-CHEM,Dow Jones Euro STOXX Chemicals,50,EUR,Sector,2,0,0,EMEA
EU-DJ-CONSTRUCTION,Dow Jones Euro STOXX Construction,50,EUR,Sector,0,0,0,EMEA
EU-DJ-FINANCE,Dow Jones Euro STOXX Financial Services Index,50,EUR,Sector,2,0,0,EMEA
EU-DJ-FOOD,Dow Jones Euro STOXX Food&Beverages,50,EUR,Sector,2,0,0,EMEA
EU-DJ-HEALTH,Dow Jones Euro STOXX Healthcare,50,EUR,Sector,2,0,0,EMEA
EU-DJ-HOUSE,Dow Jones Euro STOXX Personal & Household Goods,50,EUR,Sector,0,0,0,EMEA
EU-DJ-INDUSTRY,Dow Jones Euro STOXX Industrial Goods&Services,50,EUR,Sector,2,0,0,EMEA
EU-DJ-INDUSTRY2,Dow Jones STOXX 600 Industrial Goods & Services Index,50,EUR,Equity,0,0,0,EMEA
EU-DJ-INSURE,Dow Jones Euro STOXX Insurance,50,EUR,Sector,2,0,0,EMEA
EU-DJ-MEDIA,Dow Jones Euro STOXX Media Index,50,EUR,Sector,2,0,0,EMEA
EU-DJ-OIL,Dow Jones Euro STOXX Oil & Gas,50,EUR,Sector,2,0,0,EMEA
EU-DJ-RETAIL,Dow Jones Euro STOXX Retail,50,EUR,Sector,2,0,0,EMEA
EU-DJ-TECH,Dow Jones Euro STOXX Technology,50,EUR,Sector,2,0,0,EMEA
EU-DJ-TELECOM,Dow Jones Euro STOXX Telecommunications,50,EUR,Sector,2,0,0,EMEA
EU-DJ-TRAVEL,Dow Jones Euro STOXX Travel & Leisure,50,EUR,Sector,0,0,0,EMEA
EU-DJ-UTIL,Dow Jones Euro STOXX Utilities Index,50,EUR,Sector,2,0,0,EMEA
EU-ESG,STOXX Europe ESG Leaders Select 30,100,EUR,Equity,0,0,0,EMEA
EU-FINANCE,Dow Jones STOXX 600 Financial Services Index,50,EUR,Sector,2,0,0,EMEA
EU-FOOD,Dow Jones STOXX 600 Food & Beverage Index,50,EUR,Sector,2,0,0,EMEA
EU-HEALTH,Dow Jones STOXX 600 Healthcare,50,EUR,Sector,2,0,0,EMEA
EU-HOUSE,Dow Jones STOXX 600 Personal & Household Goods,50,EUR,Sector,2,0,0,EMEA
EU-INSURE,Dow Jones STOXX 600 Insurance,50,EUR,Sector,2,0,0,EMEA
EU-MEDIA,Dow Jones STOXX 600 Media,50,EUR,Sector,2,0,0,EMEA
EU-MID,Dow Jones STOXX MID 200 Index,50,EUR,Sector,2,0,0,EMEA
EU-OIL,Dow Jones STOXX 600 Oil & Gas,50,EUR,Sector,2,0,0,EMEA
EU-REALESTATE,Dow Jones STOXX 600 Real Estate,50,EUR,Sector,2,0,0,EMEA
EU-RETAIL,Dow Jones STOXX 600 Retail,50,EUR,Sector,2,0,0,EMEA
EU-TECH,Dow Jones STOXX 600 Technology,50,EUR,Sector,2,0,0,EMEA
EU-TELECOM,Dow Jones STOXX 600 Telecommunications,50,EUR,Sector,0,0,0,EMEA
EU-TRAVEL,Dow Jones STOXX 600 Travel & Leisure,50,EUR,Sector,2,0,0,EMEA
EU-UTILS,Dow Jones STOXX 600 Utilities,50,EUR,Sector,2,0,0,EMEA
EUA,ECX EU carbon emissions allowance futures,1000,EUR,OilGas,3,0,0,EMEA
EUIRS10,10 year euro swapnote,1000,EUR,Bond,0,0,0,EMEA
EUIRS2,2 Year euro swapnote,1000,EUR,Bond,0,0,0,EMEA
EUIRS5,5 year euro swapnote,1000,EUR,Bond,0,0,0,EMEA
EUR,EURUSD currency,125000,USD,FX,2.47,0,0,US
EUR-ICE,EUR.USD,125000,USD,FX,0,0,0,US
EURAUD,EURAUD,125000,AUD,FX,3.430058,0,0,US
EURAUD-ICE,EUR.AUD,125000,AUD,FX,0,0,0,US
EURCAD,EURCAD,125000,CAD,FX,3.047854,0,0,US
EURCAD-ICE,EUR.CAD,125000,CAD,FX,0,0,0,US
EURCHF,Euro/chf,125000,CHF,FX,2.3886734,0,0,US
EURCHF-ICE,Euro/chf,125000,CHF,FX,0,0,0,US
EURCZK,CZK.EUR,4000000,EUR,FX,0,0,0,US
EURHUF,HUF.EUR,30000000,EUR,FX,0,0,0,US
EURIBOR,Three Month EURIBOR,2500,EUR,Bond,2,0,0,EMEA
EURIBOR-ICE,3 Month EURIBOR Interest Rate,2500,EUR,Bond,0,0,0,EMEA
EURINR,EURINR,1000,INR,FX,0,0,0,ASIA
EURMXP,EURMXP,10000,MXP,FX,0,0,0,US
EURO600,Dow Jones STOXX 600 Index,50,EUR,Equity,2,0,0,EMEA
EURO600-ESG,STOXX Europe 600 ESG-X,100,EUR,Equity,0,0,0,EMEA
EUROFIRST100,FTSEurofirst 80 NEW,10,EUR,Equity,0,0,0,EMEA
EUROFIRST80,FTSEurofirst 80 NEW,10,EUR,Equity,0,0,0,EMEA
EUROSTX,European equity index EUROSTOXX50,10,EUR,Equity,2,0,0,EMEA
EUROSTX-CORE,ISHARES CORE EURO STOXX 50,100,EUR,Equity,0,0,0,EMEA
EUROSTX-DJ,Dow Jones STOXX50,10,EUR,Equity,0,0,0,EMEA
EUROSTX-LARGE,Euro Stoxx Large,50,EUR,Equity,2,0,0,EMEA
EUROSTX-MID,Euro Stoxx Mid,50,EUR,Equity,2,0,0,EMEA
EUROSTX-PRICE,Dow Jones Euro STOXX Price Index,50,EUR,Equity,2,0,0,EMEA
EUROSTX-SMALL,Euro Stoxx Small,50,EUR,Equity,2,0,0,EMEA
EUROSTX200-LARGE,Dow Jones STOXX Large 200 Index,50,EUR,Sector,2,0,0,EMEA
EUROSTX_BBG,European equity index EUROSTOXX50 (BBG),10,EUR,Equity,2,0,0,EMEA
EUR_micro,EURUSD micro,12500,USD,FX,0.41,0,0,US
EUR_mini,EURUSD mini,62500,USD,FX,1.37,0,0,US
EVRG_yfinance,EVRG (yfinance),1,USD,Equity,0,0.0004,0,US
EW_yfinance,EW (yfinance),1,USD,Equity,0,0.0004,0,US
EXC_yfinance,EXC (yfinance),1,USD,Equity,0,0.0004,0,US
EXE_yfinance,EXE (yfinance),1,USD,Equity,0,0.0004,0,US
EXPD_yfinance,EXPD (yfinance),1,USD,Equity,0,0.0004,0,US
EXPE_yfinance,EXPE (yfinance),1,USD,Equity,0,0.0004,0,US
EXR_yfinance,EXR (yfinance),1,USD,Equity,0,0.0004,0,US
FANG,NYSE FANG index,5,USD,Equity,0.99,0,0,US
FANG_yfinance,FANG (yfinance),1,USD,Equity,0,0.0004,0,US
FAST_yfinance,FAST (yfinance),1,USD,Equity,0,0.0004,0,US
FCX_yfinance,FCX (yfinance),1,USD,Equity,0,0.0004,0,US
FDS_yfinance,FDS (yfinance),1,USD,Equity,0,0.0004,0,US
FDX_yfinance,FDX (yfinance),1,USD,Equity,0,0.0004,0,US
FED,30 Day Fed Funds,4167,USD,Bond,1.83,0,0,US
FEEDCOW,Feeder cattle,500,USD,Ags,2.97,0,0,US
FE_yfinance,FE (yfinance),1,USD,Equity,0,0.0004,0,US
FFIV_yfinance,FFIV (yfinance),1,USD,Equity,0,0.0004,0,US
FICO_yfinance,FICO (yfinance),1,USD,Equity,0,0.0004,0,US
FISV_yfinance,FISV (yfinance),1,USD,Equity,0,0.0004,0,US
FIS_yfinance,FIS (yfinance),1,USD,Equity,0,0.0004,0,US
FITB_yfinance,FITB (yfinance),1,USD,Equity,0,0.0004,0,US
FIX_yfinance,FIX (yfinance),1,USD,Equity,0,0.0004,0,US
FOXA_yfinance,FOXA (yfinance),1,USD,Equity,0,0.0004,0,US
FOX_yfinance,FOX (yfinance),1,USD,Equity,0,0.0004,0,US
FRT_yfinance,FRT (yfinance),1,USD,Equity,0,0.0004,0,US
FSLR_yfinance,FSLR (yfinance),1,USD,Equity,0,0.0004,0,US
FTNT_yfinance,FTNT (yfinance),1,USD,Equity,0,0.0004,0,US
FTSE100,FTSE100 Index,10,GBP,Equity,1.7,0,0,EMEA
FTSE100-DIV,FTSE 100 Dividend Index,10,GBP,Equity,0,0,0,EMEA
FTSE250,FTSE 250,2,GBP,Equity,0,0,0,EMEA
FTSEAFRICA40,FTSE-JSE Africa Top40 Index,10,HKD,Equity,0,0,0,ASIA
FTSECHINAA,FTSE/Xinhua China A50,1,USD,Equity,2.85,0,0,ASIA
FTSECHINAA-CSOP,CSOP FTSE CHINA A50 ETF-HKD,5000,HKD,Equity,0,0,0,ASIA
FTSECHINAA-IS,ISHARES FTSE CHINA A50 E-HKD,5000,HKD,Equity,0,0,0,ASIA
FTSECHINAH,FTSE China H50,2,USD,Equity,1.3,0,0,ASIA
FTSEINDO,FTSE Indonesia Index,5,USD,Equity,1.25,0,0,ASIA
FTSETAIWAN,FTSE Taiwan RIC Capped Price Return TWD Index,40,USD,Equity,1.25,0,0,ASIA
FTSEVIET,FTSE Vietnam 30 Price Return Index,5,USD,Equity,2.85,0,0,ASIA
FTV_yfinance,FTV (yfinance),1,USD,Equity,0,0.0004,0,US
F_yfinance,F (yfinance),1,USD,Equity,0,0.0004,0,US
GAS-LAST,Natural Gas Last Day Financial Futures Index,10000,USD,OilGas,2.47,0,0,US
GAS-PEN,Natural Gas Penultimate Financial Futures Index,10000,USD,OilGas,2.47,0,0,US
GASOIL,ICE-EU Low Sulphur Gasoil,100,USD,OilGas,1.7,0,0,EMEA
GASOILINE,RBOB Gasoline US,42000,USD,OilGas,2.37,0,0,US
GASOILINE_ICE,ICE NYH RBOB Gasoline,42000,USD,OilGas,0,0,0,EMEA
GASOILINE_micro,NYMEX micro Gasoline RBOB Index,4200,USD,OilGas,0.87,0,0,US
GAS_NL,Dutch TTF Natural Gas Futures,1,EUR,OilGas,0,0,0,EMEA
GAS_UK,Natural gas UK,31000,GBP,OilGas,0,0,0,EMEA
GAS_US,Natural gas US,10000,USD,OilGas,2.47,0,0,US
GAS_US_mini,Natural gas US mini,2500,USD,OilGas,1.37,0,0,US
GBP,GBPUSD currency,62500,USD,FX,2.47,0,0,US
GBP-ICE,GBP.USD,62500,USD,FX,0,0,0,US
GBPCHF,GBPCHF,125000,CHF,FX,2.3886734,0,0,US
GBPCHF-ICE,GBP.CHF,125000,CHF,FX,0,0,0,US
GBPEUR,GBPEUR currency,125000,GBP,FX,1.8734172,0,0,US
GBPEUR-ICE,GBP,125000,GBP,FX,0,0,0,US
GBPINR,GBPINR,1000,INR,FX,0,0,0,ASIA
GBPJPY,GBPJPY,125000,JPY,FX,329.4,0,0,US
GBPJPY-ICE,GBP.JPY,125000,JPY,FX,0,0,0,US
GBP_micro,GBPUSD_micro,6250,USD,FX,0.41,0,0,US
GDDY_yfinance,GDDY (yfinance),1,USD,Equity,0,0.0004,0,US
GD_yfinance,GD (yfinance),1,USD,Equity,0,0.0004,0,US
GEHC_yfinance,GEHC (yfinance),1,USD,Equity,0,0.0004,0,US
GEN_yfinance,GEN (yfinance),1,USD,Equity,0,0.0004,0,US
GEV_yfinance,GEV (yfinance),1,USD,Equity,0,0.0004,0,US
GE_yfinance,GE (yfinance),1,USD,Equity,0,0.0004,0,US
GICS,S&P-GSCI Index,250,USD,Ags,3.27,0,0,US
GICS-EXCESS,S&P GSCI Excess Return Index,100,USD,CommodityIndex,0,0,0,US
GILD_yfinance,GILD (yfinance),1,USD,Equity,0,0.0004,0,US
GILT,UK 10 year bonds Long Gilt,1000,GBP,Bond,0,0,0,EMEA
GILT2,Short gilt,1000,GBP,Bond,0,0,0,EMEA
GILT5,Medium gilt,1000,GBP,Bond,0,0,0,EMEA
GIS_yfinance,GIS (yfinance),1,USD,Equity,0,0.0004,0,US
GLW_yfinance,GLW (yfinance),1,USD,Equity,0,0.0004,0,US
GL_yfinance,GL (yfinance),1,USD,Equity,0,0.0004,0,US
GM_yfinance,GM (yfinance),1,USD,Equity,0,0.0004,0,US
GNRC_yfinance,GNRC (yfinance),1,USD,Equity,0,0.0004,0,US
GOLD,Gold,100,USD,Metals,2.47,0,0,US
GOLD-CHINA,Shanghai Gold Exchange Gold Benchmark PM Price Index - CNH Futures,1000,CNH,Metals,0.85,0,0,US
GOLD-CHINA-USD,Shanghai Gold Exchange Gold Benchmark PM Price Index - USD Futures,32.15,USD,Metals,0,0,0,US
GOLD-CN-HK,CNH Gold Futures in HK,1000,CNH,Metals,0,0,0,ASIA
GOLD-HK,USD Gold futures in HK,1000,USD,Metals,0,0,0,ASIA
GOLD-JPN,Gold (Standard) - Japan,1000,JPY,Metals,0,0,0,ASIA
GOLD-JPN_mini,Gold (Mini) - Japan,100,JPY,Metals,0,0,0,ASIA
GOLD-mini,Gold mini,50,USD,Metals,1.87,0,0,US
GOLD_micro,Gold micro,10,USD,Metals,0.77,0,0,US
GOOGL_yfinance,Alphabet Inc (yfinance),1,USD,Equity,0,0.0004,0,US
GOOG_yfinance,GOOG (yfinance),1,USD,Equity,0,0.0004,0,US
GPC_yfinance,GPC (yfinance),1,USD,Equity,0,0.0004,0,US
GPN_yfinance,GPN (yfinance),1,USD,Equity,0,0.0004,0,US
GRMN_yfinance,GRMN (yfinance),1,USD,Equity,0,0.0004,0,US
GS_yfinance,GS (yfinance),1,USD,Equity,0,0.0004,0,US
GWW_yfinance,GWW (yfinance),1,USD,Equity,0,0.0004,0,US
HAL_yfinance,HAL (yfinance),1,USD,Equity,0,0.0004,0,US
HANG,Hong Kong equity index Hang Seng,50,HKD,Equity,30,0,0,ASIA
HANG-DIV,HSI Dividend Point Index,50,HKD,Equity,0,0,0,ASIA
HANGENT,Hang Seng China Enterprise Index,50,HKD,Equity,20,0,0,ASIA
HANGENT-GTR,Hang Seng China Enterprises Gross Total Return Index,50,HKD,Equity,0,0,0,ASIA
HANGENT-NTR,Hang Seng China Enterprises Net Total Return Index,50,HKD,Equity,0,0,0,ASIA
HANGENT_mini,Hang Seng China Enterprise Index mini,10,HKD,Equity,20,0,0,ASIA
HANGTECH,Hang Seng TECH Index,50,HKD,Equity,20,0,0,ASIA
HANG_mini,Hong Kong equity index Hang Seng mini,10,HKD,Equity,17,0,0,ASIA
HAS_yfinance,HAS (yfinance),1,USD,Equity,0,0.0004,0,US
HBAN_yfinance,HBAN (yfinance),1,USD,Equity,0,0.0004,0,US
HCA_yfinance,HCA (yfinance),1,USD,Equity,0,0.0004,0,US
HD_yfinance,HD (yfinance),1,USD,Equity,0,0.0004,0,US
HEAT-DEG-AMS,Amsterdam Schiphol Heating Degree Day Index,20,GBP,Weather,0,0,0,US
HEAT-DEG-LON,London Heating Degree Day Index,20,GBP,Weather,0,0,0,US
HEAT-DEG-NY,New York Heating Day Degree Index,20,USD,Weather,0,0,0,US
HEATOIL,Heating oil,42000,USD,OilGas,2.37,0,0,US
HEATOIL-ICE,ICE HEATING OIL,42000,USD,OilGas,0,0,0,EMEA
HEATOIL-mini,NYMEX MINY Heating Oil Index,21000,USD,OilGas,0.85,0,0,US
HEATOIL_micro,Micro NY Harbor ULSD,4200,USD,OilGas,0,0,0,US
HIBOR,3 Month HIBOR Interest Rate,5000000,HKD,STIR,0,0,0,ASIA
HIGHYIELD,iBoxx iShares $ High Yield Corporate Bond Index TR,1000,USD,Bond,1.91,0,0,US
HIG_yfinance,HIG (yfinance),1,USD,Equity,0,0.0004,0,US
HII_yfinance,HII (yfinance),1,USD,Equity,0,0.0004,0,US
HLT_yfinance,HLT (yfinance),1,USD,Equity,0,0.0004,0,US
HOLX_yfinance,HOLX (yfinance),1,USD,Equity,0,0.0004,0,US
HON_yfinance,HON (yfinance),1,USD,Equity,0,0.0004,0,US
HOOD_yfinance,HOOD (yfinance),1,USD,Equity,0,0.0004,0,US
HOUSE-BO,Boston Housing Index,250,USD,Housing,0.85,0,0,US
HOUSE-CG,Chicago Housing Index,250,USD,Housing,0.85,0,0,US
HOUSE-DC,Washington DC Housing Index,250,USD,Housing,0,0,0,US
HOUSE-DN,Denver Housing Index,250,USD,Housing,0.85,0,0,US
HOUSE-LA,Los Angeles Housing Index,250,USD,Housing,0.85,0,0,US
HOUSE-LV,Las Vegas Housing Index,250,USD,Housing,0.85,0,0,US
HOUSE-MI,Miami Housing Index,250,USD,Housing,0.85,0,0,US
HOUSE-NY,New York Housing Index,250,USD,Housing,0.85,0,0,US
HOUSE-SD,San Diego Housing Index,250,USD,Housing,0.85,0,0,US
HOUSE-SF,San Francisco Housing Index,250,USD,Housing,0.85,0,0,US
HOUSE-US,Housing Index Composite,250,USD,Housing,2.25,0,0,US
HPE_yfinance,HPE (yfinance),1,USD,Equity,0,0.0004,0,US
HPQ_yfinance,HPQ (yfinance),1,USD,Equity,0,0.0004,0,US
HRL_yfinance,HRL (yfinance),1,USD,Equity,0,0.0004,0,US
HSCEI-DIV,HSCEI Dividend Point Index,50,HKD,Equity,0,0,0,ASIA
HSIC_yfinance,HSIC (yfinance),1,USD,Equity,0,0.0004,0,US
HST_yfinance,HST (yfinance),1,USD,Equity,0,0.0004,0,US
HSY_yfinance,HSY (yfinance),1,USD,Equity,0,0.0004,0,US
HUBB_yfinance,HUBB (yfinance),1,USD,Equity,0,0.0004,0,US
HUF,Hungarian forint,30000000,USD,FX,0.85,0,0,US
HUFEUR,HUFEUR,30000000,EUR,FX,0,0,0,US
HUM_yfinance,HUM (yfinance),1,USD,Equity,0,0.0004,0,US
HWM_yfinance,HWM (yfinance),1,USD,Equity,0,0.0004,0,US
IBEX,Spanish equity index IBEX,10,EUR,Equity,3,0,0,EMEA
IBEX_mini,IBEX 35 mini,1,EUR,Equity,0.9,0,0,EMEA
IBKR_yfinance,IBKR (yfinance),1,USD,Equity,0,0.0004,0,US
IBM_yfinance,IBM (yfinance),1,USD,Equity,0,0.0004,0,US
ICE_yfinance,ICE (yfinance),1,USD,Equity,0,0.0004,0,US
IDXX_yfinance,IDXX (yfinance),1,USD,Equity,0,0.0004,0,US
IEX_yfinance,IEX (yfinance),1,USD,Equity,0,0.0004,0,US
IFF_yfinance,IFF (yfinance),1,USD,Equity,0,0.0004,0,US
IG,iBoxx iShares $ Investment Grade Corporate Bond Index TR,1000,USD,Bond,1.91,0,0,US
INCY_yfinance,INCY (yfinance),1,USD,Equity,0,0.0004,0,US
IND-BANK,Nifty Bank,1,INR,Equity,0,0,0,ASIA
IND-FIN,NSE Nifty Financial Services Index Futures,1,INR,Equity,0,0,0,ASIA
INR,Indian Rupee,500,USD,FX,2.47,0,0,US
INR-SGX,SGX Indian Rupee in US Dollar Futures,200,USD,FX,4.5,0,0,ASIA
INR-SGX1,SGX USD-INR (USD) Futures,1000,USD,FX,0,0,0,ASIA
INR-SGX2,SGX USD/INR (USD) Month-end,1000,USD,FX,0,0,0,ASIA
INR-micro,Indian Rupee,100,USD,FX,0.85,0,0,US
INTC_yfinance,INTC (yfinance),1,USD,Equity,0,0.0004,0,US
INTU_yfinance,INTU (yfinance),1,USD,Equity,0,0.0004,0,US
INVH_yfinance,INVH (yfinance),1,USD,Equity,0,0.0004,0,US
IPC,Mexico Bolsa (IPC) Index,2,MXP,Equity,0,0,0,US
IP_yfinance,IP (yfinance),1,USD,Equity,0,0.0004,0,US
IQV_yfinance,IQV (yfinance),1,USD,Equity,0,0.0004,0,US
IRM_yfinance,IRM (yfinance),1,USD,Equity,0,0.0004,0,US
IRON,SGX TSI Iron Ore Futures,100,USD,Metals,3.25,0,0,ASIA
IRON-CME,Iron Ore 62% Fe CFR China (TSI) Futures,500,USD,Metals,0,0,0,US
IRON-HK,TSI Iron Ore Fines 62% Fe CFR China Index (HKFE),100,USD,Metals,0,0,0,ASIA
IRS,Israeli shekel,1000000,USD,FX,2.47,0,0,US
IR_yfinance,IR (yfinance),1,USD,Equity,0,0.0004,0,US
ISRG_yfinance,ISRG (yfinance),1,USD,Equity,0,0.0004,0,US
ITW_yfinance,ITW (yfinance),1,USD,Equity,0,0.0004,0,US
IT_yfinance,IT (yfinance),1,USD,Equity,0,0.0004,0,US
IVZ_yfinance,IVZ (yfinance),1,USD,Equity,0,0.0004,0,US
JBHT_yfinance,JBHT (yfinance),1,USD,Equity,0,0.0004,0,US
JBL_yfinance,JBL (yfinance),1,USD,Equity,0,0.0004,0,US
JCI_yfinance,JCI (yfinance),1,USD,Equity,0,0.0004,0,US
JGB,Standardized 6% 10-Year Japanese Government Bond,1000000,JPY,Bond,500,0,0,ASIA
JGB-SGX-mini,SGX Mini JGB Index,100000,JPY,Bond,85,0,0,ASIA
JGB-mini,Mini 10 Year JGB,100000,JPY,Bond,85,0,0,ASIA
JKHY_yfinance,JKHY (yfinance),1,USD,Equity,0,0.0004,0,US
JNJ_yfinance,JNJ (yfinance),1,USD,Equity,0,0.0004,0,US
JP-REALESTATE,TSE REIT Index,1000,JPY,Sector,50,0,0,ASIA
JPM_yfinance,JPM (yfinance),1,USD,Equity,0,0.0004,0,US
JPY,JPYUSD currency,12500000,USD,FX,2.47,0,0,US
JPY-SGX,SGX US Dollar in Japanese Yen Futures (Standard),100000,JPY,FX,300,0,0,ASIA
JPY-SGX-TITAN,SGX US Dollar in Japanese Yen Futures (Titan),500000,JPY,FX,360,0,0,ASIA
JPYINR,JPYINR,100000,INR,FX,0,0,0,ASIA
JPY_micro,USD.JPY,10000,JPY,FX,0,0,0,US
JPY_mini,JPYUSD mini,6250000,USD,FX,1.37,0,0,US
J_yfinance,J (yfinance),1,USD,Equity,0,0.0004,0,US
KDP_yfinance,KDP (yfinance),1,USD,Equity,0,0.0004,0,US
KEYS_yfinance,KEYS (yfinance),1,USD,Equity,0,0.0004,0,US
KEY_yfinance,KEY (yfinance),1,USD,Equity,0,0.0004,0,US
KHC_yfinance,KHC (yfinance),1,USD,Equity,0,0.0004,0,US
KIM_yfinance,KIM (yfinance),1,USD,Equity,0,0.0004,0,US
KKR_yfinance,KKR (yfinance),1,USD,Equity,0,0.0004,0,US
KLAC_yfinance,KLAC (yfinance),1,USD,Equity,0,0.0004,0,US
KMB_yfinance,KMB (yfinance),1,USD,Equity,0,0.0004,0,US
KMI_yfinance,KMI (yfinance),1,USD,Equity,0,0.0004,0,US
KOSDAQ,KOSDAQ 150 Index,10000,KRW,Equity,2000,0,0,ASIA
KOSPI,Korean equity index KOSPI,250000,KRW,Equity,0,0.0004,0,ASIA
KOSPI300,KOSPI300 Index,50000,KRW,Equity,0,0,0,ASIA
KOSPI_mini,KOSPI mini,50000,KRW,Equity,8500,0,0,ASIA
KO_yfinance,KO (yfinance),1,USD,Equity,0,0.0004,0,US
KR10,Korean 10 year bond,1000000,KRW,Bond,0,0.00004,0,ASIA
KR3,Korean 3 year bond,1000000,KRW,Bond,0,0.00004,0,ASIA
KRW,KRWUSD SGX,125000,USD,FX,4.5,0,0,ASIA
KRWJPY,SGX Korean Won in Japanese Yen Futures,25000000,JPY,FX,285,0,0,ASIA
KRWUSD,Korean Won,125000000,USD,FX,2.47,0,0,US
KRWUSD_mini,SGX Korean Won in US Dollar Futures (Mini),25000,USD,FX,2.85,0,0,ASIA
KR_yfinance,KR (yfinance),1,USD,Equity,0,0.0004,0,US
KVUE_yfinance,KVUE (yfinance),1,USD,Equity,0,0.0004,0,US
LDOS_yfinance,LDOS (yfinance),1,USD,Equity,0,0.0004,0,US
LEAD_LME,Lead - LME,25,USD,Metals,0,0,0,EMEA
LEANHOG,Lean hogs,400,USD,Ags,2.97,0,0,US
LEN_yfinance,LEN (yfinance),1,USD,Equity,0,0.0004,0,US
LHX_yfinance,LHX (yfinance),1,USD,Equity,0,0.0004,0,US
LH_yfinance,LH (yfinance),1,USD,Equity,0,0.0004,0,US
LIBOR1,1 Month LIBOR (Int. Rate),2500,USD,Bond,0.85,0,0,US
LII_yfinance,LII (yfinance),1,USD,Equity,0,0.0004,0,US
LIN_yfinance,LIN (yfinance),1,USD,Equity,0,0.0004,0,US
LIVECOW,Live cattle,400,USD,Ags,2.97,0,0,US
LLY_yfinance,LLY (yfinance),1,USD,Equity,0,0.0004,0,US
LMT_yfinance,LMT (yfinance),1,USD,Equity,0,0.0004,0,US
LNT_yfinance,LNT (yfinance),1,USD,Equity,0,0.0004,0,US
LOW_yfinance,LOW (yfinance),1,USD,Equity,0,0.0004,0,US
LRCX_yfinance,LRCX (yfinance),1,USD,Equity,0,0.0004,0,US
LULU_yfinance,LULU (yfinance),1,USD,Equity,0,0.0004,0,US
LUMBER,Random Length Lumber,110,USD,Ags,3,0,0,US
LUMBER-new,Random Length Lumber - mini,27.5,USD,Ags,2.37,0,0,US
LUV_yfinance,LUV (yfinance),1,USD,Equity,0,0.0004,0,US
LVS_yfinance,LVS (yfinance),1,USD,Equity,0,0.0004,0,US
LW_yfinance,LW (yfinance),1,USD,Equity,0,0.0004,0,US
LYB_yfinance,LYB (yfinance),1,USD,Equity,0,0.0004,0,US
LYV_yfinance,LYV (yfinance),1,USD,Equity,0,0.0004,0,US
L_yfinance,L (yfinance),1,USD,Equity,0,0.0004,0,US
MAA_yfinance,MAA (yfinance),1,USD,Equity,0,0.0004,0,US
MARS-ARGUS,Mars (Argus) vs. WTI Trade Month Futures,1000,USD,OilGas,0,0,0,US
MAR_yfinance,MAR (yfinance),1,USD,Equity,0,0.0004,0,US
MAS_yfinance,MAS (yfinance),1,USD,Equity,0,0.0004,0,US
MA_yfinance,MA (yfinance),1,USD,Equity,0,0.0004,0,US
MCD_yfinance,MCD (yfinance),1,USD,Equity,0,0.0004,0,US
MCHP_yfinance,MCHP (yfinance),1,USD,Equity,0,0.0004,0,US
MCK_yfinance,MCK (yfinance),1,USD,Equity,0,0.0004,0,US
MCO_yfinance,MCO (yfinance),1,USD,Equity,0,0.0004,0,US
MDLZ_yfinance,MDLZ (yfinance),1,USD,Equity,0,0.0004,0,US
MDT_yfinance,MDT (yfinance),1,USD,Equity,0,0.0004,0,US
META_yfinance,Meta Platforms Inc (yfinance),1,USD,Equity,0,0.0004,0,US
MET_yfinance,MET (yfinance),1,USD,Equity,0,0.0004,0,US
MGM_yfinance,MGM (yfinance),1,USD,Equity,0,0.0004,0,US
MIB,FTSE MIB INDEX,5,EUR,Equity,3,0,0,EMEA
MIB-DIVI,FTSE MIB Dividend Index,5,EUR,Equity,0,0,0,EMEA
MIB_micro,FTSE MIB INDEX Micro,0.2,EUR,Equity,0,0,0,EMEA
MIB_mini,FTSE MIB INDEX Mini,1,EUR,Equity,0,0,0,EMEA
MID-DAX,Midcap DAX,1,EUR,Equity,2,0,0,EMEA
MILK,Milk class III,2000,USD,Ags,2.97,0,0,US
MILKDRY,NON FAT DRY MILK INDEX,440,USD,Ags,2.97,0,0,US
MILKWET,Class IV Milk - 200k lbs,2000,USD,Ags,2.97,0,0,US
MILLWHEAT,Milling Wheat Futures,50,EUR,Ags,2,0,0,EMEA
MKC_yfinance,MKC (yfinance),1,USD,Equity,0,0.0004,0,US
MLM_yfinance,MLM (yfinance),1,USD,Equity,0,0.0004,0,US
MMM_yfinance,MMM (yfinance),1,USD,Equity,0,0.0004,0,US
MNST_yfinance,MNST (yfinance),1,USD,Equity,0,0.0004,0,US
MOH_yfinance,MOH (yfinance),1,USD,Equity,0,0.0004,0,US
MOS_yfinance,MOS (yfinance),1,USD,Equity,0,0.0004,0,US
MO_yfinance,MO (yfinance),1,USD,Equity,0,0.0004,0,US
MPC_yfinance,MPC (yfinance),1,USD,Equity,0,0.0004,0,US
MPWR_yfinance,MPWR (yfinance),1,USD,Equity,0,0.0004,0,US
MRK_yfinance,MRK (yfinance),1,USD,Equity,0,0.0004,0,US
MRNA_yfinance,MRNA (yfinance),1,USD,Equity,0,0.0004,0,US
MRSH_yfinance,MRSH (yfinance),1,USD,Equity,0,0.0004,0,US
MSCIASIA,MSCI Emerging Markets Asia,100,USD,Equity,2.4,0,0,EMEA
MSCIASIAEXJP,The MSCI All Countries Asia ex Japan Net Total Return,100,USD,Equity,0,0,0,EMEA
MSCIBRAZIL,The MSCI Brazil Net Total Return,100,USD,Equity,0,0,0,EMEA
MSCICHINA,MSCI China Free Net Total Return (USD) Index,50,USD,Equity,0,0,0,EMEA
MSCICHINANET,MSCI China Free Net Total Return (USD) Index (HKFE),50,USD,Equity,0,0,0,ASIA
MSCIEAFA,MSCI EAFA Index,50,USD,Equity,2.07,0,0,US
MSCIEAFA-TOT,MSCI EAFE Net Total Return Index,20,USD,Equity,0,0,0,US
MSCIEM,MSCI EM Net Total Return Index,100,USD,Equity,0,0,0,EMEA
MSCIEM-LIFFE,MSCI EMERGING MARKETS INDEX (CBOE),50,USD,Equity,0,0,0,US
MSCIEMASIA,MSCI Emerging Markets Asia Net Total Return,100,USD,Equity,2.07,0,0,US
MSCIEURONET,MSCI Europe Net Return EUR Index,100,EUR,Equity,0,0,0,EMEA
MSCIEURONET-ICE,The MSCI Europe Financials Net Total Return,100,EUR,Equity,0,0,0,EMEA
MSCIEUROPE,MSCI Europe NTR,100,USD,Equity,0,0,0,EMEA
MSCIEUROPE-ICE,The MSCI Europe Net Total Return,10,USD,Equity,0,0,0,EMEA
MSCIEUROPE-LIFFE,MSCI Europe NTR,10,USD,Equity,0,0,0,US
MSCIINDO,MSCI Indonesia Index (USD) - HKFE,2,USD,Equity,0,0,0,ASIA
MSCIJAPAN,MSCI JAPAN INDEX - USD,10,USD,Equity,0,0,0,EMEA
MSCIJAPAN-LIFFE,The MSCI Japan NTR,10,USD,Equity,0,0,0,US
MSCILATIN,MSCI Emerging Latin America Index,20,USD,Equity,0,0,0,US
MSCIPACIFIC,The MSCI Pacific ex Japan Net Total Return,10,USD,Equity,0,0,0,EMEA
MSCIPANEURO-LIFFE,MSCI Pan-Euro Index,20,EUR,Equity,0,0,0,US
MSCIRUSSIA,MSCI Russia Index,10,USD,Equity,2,0,0,EMEA
MSCISING,MSCI Singapore Free Index,100,SGD,Equity,4,0,0,ASIA
MSCITAIWAN,MSCI Taiwan (USD) Index - HKFE,100,USD,Equity,2.4,0,0,ASIA
MSCIUSA,MSCI USA index,50,USD,Equity,0,0,0,US
MSCIWORLD,MSCI World Index,10,USD,Equity,2.4,0,0,EMEA
MSCIWORLD-MINVOL,The MSCI World Minimum Volatility Net Total Return,10,USD,Equity,0,0,0,EMEA
MSCIWORLDNET-EUR,MSCI World Net EUR Index 1,100,EUR,Equity,0,0,0,EMEA
MSCIWORLDNET-ICE,The MSCI World Net Total Return,10,USD,Equity,0,0,0,EMEA
MSCIWORLDNET-USD,MSCI World NETR USD Index,10,USD,Equity,0,0,0,EMEA
MSCI_yfinance,MSCI (yfinance),1,USD,Equity,0,0.0004,0,US
MSFT_yfinance,Microsoft Corp (yfinance),1,USD,Equity,0,0.0004,0,US
MSI_yfinance,MSI (yfinance),1,USD,Equity,0,0.0004,0,US
MS_yfinance,MS (yfinance),1,USD,Equity,0,0.0004,0,US
MTB_yfinance,MTB (yfinance),1,USD,Equity,0,0.0004,0,US
MTCH_yfinance,MTCH (yfinance),1,USD,Equity,0,0.0004,0,US
MTD_yfinance,MTD (yfinance),1,USD,Equity,0,0.0004,0,US
MUMMY,TSE Mothers Index,1000,JPY,Equity,50,0,0,ASIA
MU_yfinance,MU (yfinance),1,USD,Equity,0,0.0004,0,US
MXP,MEXUSD currency,500000,USD,FX,2.47,0,0,US
MXP_BBG,MEXUSD currency (BBG),500000,USD,FX,2.47,0,0,US
NASBIO-mini,CME E-Mini NASDAQ Biotechnology,50,USD,Sector,0.85,0,0,US
NASDAQ,US equity index Nasdaq,20,USD,Equity,2.2,0,0,US
NASDAQ_micro,NASDAQ micro,2,USD,Equity,0.62,0,0,US
NASDAQ_mini,E-mini NASDAQ Composite,20,USD,Equity,0,0,0,US
NCLH_yfinance,NCLH (yfinance),1,USD,Equity,0,0.0004,0,US
NDAQ_yfinance,NDAQ (yfinance),1,USD,Equity,0,0.0004,0,US
NDSN_yfinance,NDSN (yfinance),1,USD,Equity,0,0.0004,0,US
NEE_yfinance,NEE (yfinance),1,USD,Equity,0,0.0004,0,US
NEM_yfinance,NEM (yfinance),1,USD,Equity,0,0.0004,0,US
NFLX_yfinance,NFLX (yfinance),1,USD,Equity,0,0.0004,0,US
NICKEL_LME,Nickel - LME,6,USD,Metals,0,0,0,EMEA
NIFTY,CNX Nifty Index,2,USD,Equity,2.85,0,0,ASIA
NIFTY-IN,Nifty 50 india,1,INR,Equity,0,0,0,ASIA
NIKKEI,Nikkei 225 Mini,100,JPY,Equity,40,0,0,ASIA
NIKKEI-CME,Dollar Denominated Nikkei 225 Index,5,USD,Equity,0,0,0,US
NIKKEI-JPY,Yen Denominated Nikkei 225 Index,500,JPY,Equity,0.85,0,0,US
NIKKEI-JPY_mini,E-mini Yen Denominated Nikkei 225 Index,100,JPY,Equity,0,0,0,US
NIKKEI-SGX,SGX: Nikkei 225,500,JPY,Equity,0,0,0,ASIA
NIKKEI-SGX-DIV,Nikkei Stock Average Dividend Point Index,10000,JPY,Equity,0,0,0,ASIA
NIKKEI-SGX-USD,SGX: USD Nikkei 225 Index,5,USD,Equity,0,0,0,ASIA
NIKKEI-SGX_mini,SGX: NIKKEI 225 Mini,100,JPY,Equity,0,0,0,ASIA
NIKKEI400,JPX-Nikkei Index 400,100,JPY,Equity,50,0,0,ASIA
NIKKEI_large,Nikkei 225 full size,1000,JPY,Equity,0,0,0,ASIA
NI_yfinance,NI (yfinance),1,USD,Equity,0,0.0004,0,US
NKE_yfinance,NKE (yfinance),1,USD,Equity,0,0.0004,0,US
NOC_yfinance,NOC (yfinance),1,USD,Equity,0,0.0004,0,US
NOK,NOKUSD currency,2000000,USD,FX,2.47,0,0,US
NOW_yfinance,NOW (yfinance),1,USD,Equity,0,0.0004,0,US
NRG_yfinance,NRG (yfinance),1,USD,Equity,0,0.0004,0,US
NSC_yfinance,NSC (yfinance),1,USD,Equity,0,0.0004,0,US
NTAP_yfinance,NTAP (yfinance),1,USD,Equity,0,0.0004,0,US
NTRS_yfinance,NTRS (yfinance),1,USD,Equity,0,0.0004,0,US
NUE_yfinance,NUE (yfinance),1,USD,Equity,0,0.0004,0,US
NVDA_yfinance,NVIDIA Corp (yfinance),1,USD,Equity,0,0.0004,0,US
NVR_yfinance,NVR (yfinance),1,USD,Equity,0,0.0004,0,US
NWSA_yfinance,NWSA (yfinance),1,USD,Equity,0,0.0004,0,US
NWS_yfinance,NWS (yfinance),1,USD,Equity,0,0.0004,0,US
NXPI_yfinance,NXPI (yfinance),1,USD,Equity,0,0.0004,0,US
NZD,NZDUSD currency,100000,USD,FX,2.47,0,0,US
OAT,French 10 year bond OAT,1000,EUR,Bond,2,0,0,EMEA
OAT5,Mid-Term Euro-OAT,1000,EUR,Bond,0,0,0,EMEA
OATIES,Oat Futures,50,USD,Ags,2.97,0,0,US
ODFL_yfinance,ODFL (yfinance),1,USD,Equity,0,0.0004,0,US
OJ,Orange Juice (FCOJ-A),150,USD,Ags,2.97,0,0,US
OKE_yfinance,OKE (yfinance),1,USD,Equity,0,0.0004,0,US
OMC_yfinance,OMC (yfinance),1,USD,Equity,0,0.0004,0,US
OMX,OMX Helsinki 25 Index,10,EUR,Equity,2,0,0,EMEA
OMX-SWE,OMX Index [Sweden],100,SEK,Equity,0,0,0,EMEA
OMXESG,OMXS30 ESG Responsible Index,100,SEK,Equity,0,0,0,EMEA
OMXSB,OMXSB Share Index,100,SEK,Equity,0,0,0,EMEA
ON_yfinance,ON (yfinance),1,USD,Equity,0,0.0004,0,US
ORCL_yfinance,ORCL (yfinance),1,USD,Equity,0,0.0004,0,US
ORLY_yfinance,ORLY (yfinance),1,USD,Equity,0,0.0004,0,US
OTIS_yfinance,OTIS (yfinance),1,USD,Equity,0,0.0004,0,US
OXY_yfinance,OXY (yfinance),1,USD,Equity,0,0.0004,0,US
O_yfinance,O (yfinance),1,USD,Equity,0,0.0004,0,US
PALLAD,Palladium,100,USD,Metals,2.31,0,0,US
PANW_yfinance,PANW (yfinance),1,USD,Equity,0,0.0004,0,US
PAYC_yfinance,PAYC (yfinance),1,USD,Equity,0,0.0004,0,US
PAYX_yfinance,PAYX (yfinance),1,USD,Equity,0,0.0004,0,US
PCAR_yfinance,PCAR (yfinance),1,USD,Equity,0,0.0004,0,US
PCG_yfinance,PCG (yfinance),1,USD,Equity,0,0.0004,0,US
PEG_yfinance,PEG (yfinance),1,USD,Equity,0,0.0004,0,US
PEP_yfinance,PEP (yfinance),1,USD,Equity,0,0.0004,0,US
PFE_yfinance,PFE (yfinance),1,USD,Equity,0,0.0004,0,US
PFG_yfinance,PFG (yfinance),1,USD,Equity,0,0.0004,0,US
PGR_yfinance,PGR (yfinance),1,USD,Equity,0,0.0004,0,US
PG_yfinance,PG (yfinance),1,USD,Equity,0,0.0004,0,US
PHM_yfinance,PHM (yfinance),1,USD,Equity,0,0.0004,0,US
PH_yfinance,PH (yfinance),1,USD,Equity,0,0.0004,0,US
PIPELINE,Gulf Coast ULSD (Platts) Up-Down Futures,42000,USD,OilGas,0.85,0,0,US
PKG_yfinance,PKG (yfinance),1,USD,Equity,0,0.0004,0,US
PLAT,Platinum,50,USD,Metals,2.47,0,0,US
PLAT-JPN,Platinum (Standard) - Japan,500,JPY,Metals,0,0,0,ASIA
PLAT-JPN_mini,Platinum (Mini) - Japan,100,JPY,Metals,0,0,0,ASIA
PLD_yfinance,PLD (yfinance),1,USD,Equity,0,0.0004,0,US
PLN,Polish zloty,500000,USD,FX,2.47,0,0,US
PLTR_yfinance,PLTR (yfinance),1,USD,Equity,0,0.0004,0,US
PLZEUR,Polish zloty EURO,500000,EUR,FX,0.85,0,0,US
PM_yfinance,PM (yfinance),1,USD,Equity,0,0.0004,0,US
PNC_yfinance,PNC (yfinance),1,USD,Equity,0,0.0004,0,US
PNR_yfinance,PNR (yfinance),1,USD,Equity,0,0.0004,0,US
PNW_yfinance,PNW (yfinance),1,USD,Equity,0,0.0004,0,US
PODD_yfinance,PODD (yfinance),1,USD,Equity,0,0.0004,0,US
POOL_yfinance,POOL (yfinance),1,USD,Equity,0,0.0004,0,US
PPG_yfinance,PPG (yfinance),1,USD,Equity,0,0.0004,0,US
PPL_yfinance,PPL (yfinance),1,USD,Equity,0,0.0004,0,US
PRECIOUS_small,Small precious metals,100,USD,Metals,0,0,0,US
PRU_yfinance,PRU (yfinance),1,USD,Equity,0,0.0004,0,US
PSA_yfinance,PSA (yfinance),1,USD,Equity,0,0.0004,0,US
PSKY_yfinance,PSKY (yfinance),1,USD,Equity,0,0.0004,0,US
PSX_yfinance,PSX (yfinance),1,USD,Equity,0,0.0004,0,US
PTC_yfinance,PTC (yfinance),1,USD,Equity,0,0.0004,0,US
PWR_yfinance,PWR (yfinance),1,USD,Equity,0,0.0004,0,US
PYPL_yfinance,PYPL (yfinance),1,USD,Equity,0,0.0004,0,US
QCOM_yfinance,QCOM (yfinance),1,USD,Equity,0,0.0004,0,US
Q_yfinance,Q (yfinance),1,USD,Equity,0,0.0004,0,US
R1000,E-Mini Russell 1000 Value Index Futures,50,USD,Equity,2.2,0,0,US
R1000GROWTH-mini,E-mini Russell 1000 Growth Index Futures,50,USD,Equity,0.85,0,0,US
R1000_mini,E-mini Russell 1000 Index Futures,50,USD,Equity,0.85,0,0,US
RAPESEED,European Rapeseed Future,50,EUR,Ags,2,0,0,EMEA
RCL_yfinance,RCL (yfinance),1,USD,Equity,0,0.0004,0,US
REDWHEAT,Hard Red Winter Wheat -KCBOT-,50,USD,Ags,2.97,0,0,US
REGN_yfinance,REGN (yfinance),1,USD,Equity,0,0.0004,0,US
REG_yfinance,REG (yfinance),1,USD,Equity,0,0.0004,0,US
RF_yfinance,RF (yfinance),1,USD,Equity,0,0.0004,0,US
RICE,Rough Rice,2000,USD,Ags,2.97,0,0,US
RJF_yfinance,RJF (yfinance),1,USD,Equity,0,0.0004,0,US
RL_yfinance,RL (yfinance),1,USD,Equity,0,0.0004,0,US
RMD_yfinance,RMD (yfinance),1,USD,Equity,0,0.0004,0,US
ROBUSTA,Robusta Coffee,10,USD,Ags,3,0,0,EMEA
ROK_yfinance,ROK (yfinance),1,USD,Equity,0,0.0004,0,US
ROL_yfinance,ROL (yfinance),1,USD,Equity,0,0.0004,0,US
ROP_yfinance,ROP (yfinance),1,USD,Equity,0,0.0004,0,US
ROST_yfinance,ROST (yfinance),1,USD,Equity,0,0.0004,0,US
RSG_yfinance,RSG (yfinance),1,USD,Equity,0,0.0004,0,US
RTX_yfinance,RTX (yfinance),1,USD,Equity,0,0.0004,0,US
RUBBER,TSR 20 Rubber,50,USD,Other,2.85,0,0,ASIA
RUBBER-RSS,Ribbed Smoked Sheet (RSS) No.3 Rubber,5000,JPY,Other,0,0,0,ASIA
RUR,RURUSD currency,2500000,USD,FX,2.47,0,0,US
RUSSELL,Micro E-Mini Russell 2000 Index,5,USD,Equity,0.62,0,0,US
RUSSELL-GROWTH,Russell 2000 Growth Index,50,USD,Equity,0,0,0,US
RUSSELL-VALUE,Russell 2000 Value Index,50,USD,Equity,0,0,0,US
RUSSELL_mini,E-Mini Russell 2000 Index,50,USD,Equity,2.2,0,0,US
RVTY_yfinance,RVTY (yfinance),1,USD,Equity,0,0.0004,0,US
SARONA,Three Month SaronA,2500,CHF,Bond,0,0,0,EMEA
SBAC_yfinance,SBAC (yfinance),1,USD,Equity,0,0.0004,0,US
SBUX_yfinance,SBUX (yfinance),1,USD,Equity,0,0.0004,0,US
SCHW_yfinance,SCHW (yfinance),1,USD,Equity,0,0.0004,0,US
SEK,SEKUSD currency,2000000,USD,FX,2.47,0,0,US
SGD,SGX US Dollar in Singapore Dollar Futures (Full-Sized),100000,SGD,FX,3.5,0,0,ASIA
SGD_mini,SGX US Dollar in Singapore Dollar (Mini) Futures,25000,SGD,FX,3.25,0,0,ASIA
SGX,SGX Straits Times Index,10,SGD,Equity,5,0,0,ASIA
SHATZ,German 2 year bond Schatz,1000,EUR,Bond,2,0,0,EMEA
SHW_yfinance,SHW (yfinance),1,USD,Equity,0,0.0004,0,US
SILVER,NYMEX Silver Index,1000,USD,Metals,1.27,0,0,US
SILVER-mini,COMEX MINY Silver,2500,USD,Metals,0.85,0,0,US
SING-REALESTATE,SGX iEdge S-REIT Leaders Index,25,SGD,Equity,0,0,0,ASIA
SJM_yfinance,SJM (yfinance),1,USD,Equity,0,0.0004,0,US
SLB_yfinance,SLB (yfinance),1,USD,Equity,0,0.0004,0,US
SMALL75,Small stocks 75,100,USD,Equity,0,0,0,US
SMCI_yfinance,SMCI (yfinance),1,USD,Equity,0,0.0004,0,US
SMI,Swiss equity index SMI,10,CHF,Equity,4,0,0,EMEA
SMI-DIV,SMI Dividend Points Index,100,CHF,Equity,0,0,0,EMEA
SMI-MID,Swiss Mid-cap Index,10,CHF,Equity,4,0,0,EMEA
SMIETF,ISHARES SMI ETF CH,100,CHF,Equity,0,0,0,EMEA
SNA_yfinance,SNA (yfinance),1,USD,Equity,0,0.0004,0,US
SNDK_yfinance,SNDK (yfinance),1,USD,Equity,0,0.0004,0,US
SNPS_yfinance,SNPS (yfinance),1,USD,Equity,0,0.0004,0,US
SOFR,Secured Overnight Financing Rate 3-month average of rates,2500,USD,Bond,2.12,0,0,US
SOFR1,Secured Overnight Financing Rate 1-month average of rates,4167,USD,Bond,1.5,0,0,US
SOFR_BBG,SOFR 3-month average (BBG),2500,USD,Bond,2.12,0,0,US
SOLV_yfinance,SOLV (yfinance),1,USD,Equity,0,0.0004,0,US
SONIA,Sterling Overnight Index Average,2500,GBP,STIR,0,0,0,US
SONIA1,One Month SONIA,2500,GBP,Bond,0,0,0,EMEA
SONIA3,Three Month SONIA,2500,GBP,Bond,0,0,0,EMEA
SOYBEAN,Soybean,50,USD,Ags,2.97,0,0,US
SOYBEAN_mini,Soybean mini,10,USD,Ags,1.9,0,0,US
SOYMEAL,Soybean Meal,100,USD,Ags,2.97,0,0,US
SOYOIL,Soybean oil,600,USD,Ags,2.97,0,0,US
SO_yfinance,SO (yfinance),1,USD,Equity,0,0.0004,0,US
SP400,E-mini S&P Midcap 400 Futures,100,USD,Equity,2.25,0,0,US
SP500,US equity index S&P500,50,USD,Equity,2.25,0,0,US
SP500-GROWTH,S&P 500 / Citigroup Growth Index,250,USD,Equity,0.85,0,0,US
SP500-VALUE,S&P 500 / Citigroup Value Index,250,USD,Equity,0,0,0,US
SP500_micro,S&P 500 micro,5,USD,Equity,0.62,0,0,US
SP500_mini,E-mini S&P 500 ESG,500,USD,Equity,0,0,0,US
SP600-SMALL,E-Mini S&P SmallCap 600 Futures,100,USD,Equity,0.85,0,0,US
SPGI_yfinance,SPGI (yfinance),1,USD,Equity,0,0.0004,0,US
SPG_yfinance,SPG (yfinance),1,USD,Equity,0,0.0004,0,US
SPI200,ASX SPI200 Index,25,AUD,Equity,5,0,0,ASIA
SPY,SPDR S&P 500 ETF,1,USD,Equity,0,0.0004,0,US
SPY_yfinance,SPDR S&P 500 ETF (yfinance),1,USD,Equity,0,0.0004,0,US
SPY_yfinance_adj,SPDR S&P 500 ETF (yfinance adjusted),1,USD,Equity,0,0.0004,0,US
SPY_yfinance_unadj,SPDR S&P 500 ETF (yfinance unadjusted),1,USD,Equity,0,0.0004,0,US
SRE_yfinance,SRE (yfinance),1,USD,Equity,0,0.0004,0,US
SS-AIA-GROUP,AIA GROUP LTD (SEHK),1000,HKD,SingleStock,0,0,0,ASIA
SS-ALIBABA-HLDS,ALIBABA GROUP HOLDING LTD (SEHK),500,HKD,SingleStock,0,0,0,ASIA
SS-ASML,ASML HOLDING NV (AEB),100,EUR,SingleStock,0,0,0,EMEA
SS-ASS-GEN,ASSICURAZIONI GENERALI,1000,EUR,SingleStock,0,0,0,EMEA
SS-BAIDU,BAIDU INC-CLASS A (SEHK),150,HKD,SingleStock,0,0,0,ASIA
SS-BANK-CHINA,BANK OF CHINA LTD - H (SEHK),1000,HKD,SingleStock,0,0,0,ASIA
SS-BOC-HONG-KONG,BOC HONG KONG HOLDINGS LTD (SEHK),500,HKD,SingleStock,0,0,0,ASIA
SS-BUDWEISER-BREWING,BUDWEISER BREWING CO APAC LTD (SEHK),1000,HKD,SingleStock,0,0,0,ASIA
SS-BYD-CO,BYD CO LTD-H (SEHK),500,HKD,SingleStock,0,0,0,ASIA
SS-CHINA-CONSTR-BK,CHINA CONSTRUCTION BANK-H (SEHK),1000,HKD,SingleStock,0,0,0,ASIA
SS-CHINA-MERCH-BANK,CHINA MERCHANTS BANK - H (SEHK),500,HKD,SingleStock,0,0,0,ASIA
SS-CHINA-MOBILE,CHINA MOBILE LTD (SEHK),500,HKD,SingleStock,0,0,0,ASIA
SS-CHINA-UNICOM-HK,CHINA UNICOM HONG KONG LTD (SEHK),2000,HKD,SingleStock,0,0,0,ASIA
SS-CITIC-LTD,CITIC LTD (SEHK),1000,HKD,SingleStock,0,0,0,ASIA
SS-CK-HUTCHISON,CK HUTCHISON HOLDINGS LTD (SEHK),500,HKD,SingleStock,0,0,0,ASIA
SS-CLP-HOLDINGS,CLP HOLDINGS LTD (SEHK),500,HKD,SingleStock,0,0,0,ASIA
SS-CNOOC,CNOOC LTD (SEHK),1000,HKD,SingleStock,0,0,0,ASIA
SS-DTE,DEUTSCHE TELEKOM AG-REG (IBIS),100,EUR,SingleStock,0,0,0,EMEA
SS-ENEL-SPA,ENEL SPA,1000,EUR,SingleStock,0,0,0,EMEA
SS-HDFC,HDFC BANK LIMITED,20,USD,SingleStock,0,0,0,ASIA
SS-HEINK,HEINEKEN NV,100,EUR,SingleStock,0,0,0,EMEA
SS-HIND-UNILV,HINDUSTAN UNILEVER LTD,10,USD,SingleStock,0,0,0,ASIA
SS-HK-CHINA-GAS,HONG KONG & CHINA GAS (SEHK),1000,HKD,SingleStock,0,0,0,ASIA
SS-HK-EXCH-CLEAR,HONG KONG EXCHANGES & CLEAR (SEHK),100,HKD,SingleStock,0,0,0,ASIA
SS-HOUS-DEV-FIN,HOUSING DEVELOPMENT FINANCE,10,USD,SingleStock,0,0,0,ASIA
SS-HSBC-HLDS,HSBC HOLDINGS PLC (SEHK),400,HKD,SingleStock,0,0,0,ASIA
SS-IBERDROLA,IBERDROLA SA.,100,EUR,SingleStock,0,0,0,EMEA
SS-IND-COMM-BK-OF-CHINA,IND & COMM BK OF CHINA - H (SEHK),1000,HKD,SingleStock,0,0,0,ASIA
SS-IND-DIS-TEXT,INDUSTRIA DE DISENO TEXTIL,103,EUR,SingleStock,0,0,0,EMEA
SS-INFOSYS,INFOSYS LTD,20,USD,SingleStock,0,0,0,ASIA
SS-JD-COM,JD.COM INC -CL A (SEHK),500,HKD,SingleStock,0,0,0,ASIA
SS-KOTAK-BANK,KOTAK MAHINDRA BANK LTD,10,USD,SingleStock,0,0,0,ASIA
SS-LOREAL,L'OREAL,100,EUR,SingleStock,0,0,0,EMEA
SS-MEITUAN-B,MEITUAN-CLASS B (SEHK),500,HKD,SingleStock,0,0,0,ASIA
SS-NETEASE,NETEASE-INC (SEHK),500,HKD,SingleStock,0,0,0,ASIA
SS-NONGFU,NONGFU SPRING CO LTD-H (SEHK),1000,HKD,SingleStock,0,0,0,ASIA
SS-OVERSEA-CH-BK,OVERSEA-CHINESE BANKING CORP,2000,SGD,SingleStock,0,0,0,ASIA
SS-PING-AN-INSURANCE,PING AN INSURANCE GROUP CO-H (SEHK),500,HKD,SingleStock,0,0,0,ASIA
SS-POWER-ASSETS-HLDS,POWER ASSETS HOLDINGS LTD (SEHK),500,HKD,SingleStock,0,0,0,ASIA
SS-RELIANCE,RELIANCE INDUSTRIES LIMITED,20,USD,SingleStock,0,0,0,ASIA
SS-ROCHE,ROCHE HOLDING AG-GENUSSCHEIN,100,CHF,SingleStock,0,0,0,EMEA
SS-SING-TEL,SINGAPORE TELECOMMUNICATIONS,5000,SGD,SingleStock,0,0,0,ASIA
SS-SUN-HUNG-KAI,SUN HUNG KAI PROPERTIES (SEHK),1000,HKD,SingleStock,0,0,0,ASIA
SS-TATA,TATA CONSULTANCY SVCS LTD,10,USD,SingleStock,0,0,0,ASIA
SS-TENCENT-HLDS,TENCENT HOLDINGS LTD (SEHK),100,HKD,SingleStock,0,0,0,ASIA
SS-THAI-BEV,THAI BEVERAGE PCL,10000,SGD,SingleStock,0,0,0,ASIA
SS-TOTAL-ENERGIES,TOTALENERGIES SE,101.7313,EUR,SingleStock,0,0,0,EMEA
SS-UNICREDIT-SPA,UNICREDIT SPA,1000,EUR,SingleStock,0,0,0,EMEA
SS-VW,VOLKSWAGEN AG,100,EUR,SingleStock,0,0,0,EMEA
SS-WHARF-HLDS,WHARF HOLDINGS LTD (SEHK),1000,HKD,SingleStock,0,0,0,ASIA
SS-WUXI-BIOLOGICS,WUXI BIOLOGICS CAYMAN INC (SEHK),500,HKD,SingleStock,0,0,0,ASIA
SS-XIAOMI,XIAOMI CORP-CLASS B (SEHK),1000,HKD,SingleStock,0,0,0,ASIA
SS-YES-BANK,YES BANK LTD,25,USD,SingleStock,0,0,0,ASIA
SS-ZUR-INSR,ZURICH INSURANCE GROUP AG,10,CHF,SingleStock,0,0,0,EMEA
STEEL,Hot-Rolled Coil Steel Index,20,USD,Metals,6.87,0,0,US
STE_yfinance,STE (yfinance),1,USD,Equity,0,0.0004,0,US
STLD_yfinance,STLD (yfinance),1,USD,Equity,0,0.0004,0,US
STT_yfinance,STT (yfinance),1,USD,Equity,0,0.0004,0,US
STX_yfinance,STX (yfinance),1,USD,Equity,0,0.0004,0,US
STZ_yfinance,STZ (yfinance),1,USD,Equity,0,0.0004,0,US
SUGAR11,Sugar #11,1120,USD,Ags,2.97,0,0,US
SUGAR16,Sugar #16,1120,USD,Ags,2.97,0,0,US
SUGAR_WHITE,White sugar,50,USD,Ags,0,0,0,EMEA
SWISSLEAD,Swiss Leader Index (PREIS_INDEX),10,CHF,Equity,4,0,0,EMEA
SWKS_yfinance,SWKS (yfinance),1,USD,Equity,0,0.0004,0,US
SWK_yfinance,SWK (yfinance),1,USD,Equity,0,0.0004,0,US
SW_yfinance,SW (yfinance),1,USD,Equity,0,0.0004,0,US
SYF_yfinance,SYF (yfinance),1,USD,Equity,0,0.0004,0,US
SYK_yfinance,SYK (yfinance),1,USD,Equity,0,0.0004,0,US
SYY_yfinance,SYY (yfinance),1,USD,Equity,0,0.0004,0,US
TAP_yfinance,TAP (yfinance),1,USD,Equity,0,0.0004,0,US
TDG_yfinance,TDG (yfinance),1,USD,Equity,0,0.0004,0,US
TDY_yfinance,TDY (yfinance),1,USD,Equity,0,0.0004,0,US
TECDAX,TECDAX,10,EUR,Equity,0,0,0,EMEA
TECH60_small,Small Technology 60,100,USD,Equity,0,0,0,US
TECH_yfinance,TECH (yfinance),1,USD,Equity,0,0.0004,0,US
TEL_yfinance,TEL (yfinance),1,USD,Equity,0,0.0004,0,US
TER_yfinance,TER (yfinance),1,USD,Equity,0,0.0004,0,US
TFC_yfinance,TFC (yfinance),1,USD,Equity,0,0.0004,0,US
TGT_yfinance,TGT (yfinance),1,USD,Equity,0,0.0004,0,US
THB,SGX Thai baht in US Dollar Futures,1000,USD,FX,3,0,0,ASIA
TIN_LME,Tin - LME,5,USD,Metals,0,0,0,EMEA
TJX_yfinance,TJX (yfinance),1,USD,Equity,0,0.0004,0,US
TKO_yfinance,TKO (yfinance),1,USD,Equity,0,0.0004,0,US
TMO_yfinance,TMO (yfinance),1,USD,Equity,0,0.0004,0,US
TMUS_yfinance,TMUS (yfinance),1,USD,Equity,0,0.0004,0,US
TOPIX,Japan Mini Topix,1000,JPY,Equity,50,0,0,ASIA
TOPIX30,Topix Core30,1000,JPY,Equity,50,0,0,ASIA
TOPIX_Large,TOPIX full size,10000,JPY,Equity,0,0,0,ASIA
TPL_yfinance,TPL (yfinance),1,USD,Equity,0,0.0004,0,US
TPR_yfinance,TPR (yfinance),1,USD,Equity,0,0.0004,0,US
TRGP_yfinance,TRGP (yfinance),1,USD,Equity,0,0.0004,0,US
TRMB_yfinance,TRMB (yfinance),1,USD,Equity,0,0.0004,0,US
TROW_yfinance,TROW (yfinance),1,USD,Equity,0,0.0004,0,US
TRV_yfinance,TRV (yfinance),1,USD,Equity,0,0.0004,0,US
TSCO_yfinance,TSCO (yfinance),1,USD,Equity,0,0.0004,0,US
TSE60,S&P Canada 60 Index Futures (Old TSE60),200,CAD,Equity,0,0,0,US
TSLA_yfinance,Tesla Inc (yfinance),1,USD,Equity,0,0.0004,0,US
TSN_yfinance,TSN (yfinance),1,USD,Equity,0,0.0004,0,US
TSX,Canadian equity index TSX composite,5,CAD,Equity,0,0,0,US
TTD_yfinance,TTD (yfinance),1,USD,Equity,0,0.0004,0,US
TTWO_yfinance,TTWO (yfinance),1,USD,Equity,0,0.0004,0,US
TT_yfinance,TT (yfinance),1,USD,Equity,0,0.0004,0,US
TWD,SGX Taiwan Dollar in US Dollar Futures (Full-Sized),3000,USD,FX,2.1,0,0,ASIA
TWD-mini,SGX Taiwan Dollar in US Dollar Futures (Mini),100000,USD,FX,1.75,0,0,ASIA
TXN_yfinance,TXN (yfinance),1,USD,Equity,0,0.0004,0,US
TXT_yfinance,TXT (yfinance),1,USD,Equity,0,0.0004,0,US
TYL_yfinance,TYL (yfinance),1,USD,Equity,0,0.0004,0,US
T_yfinance,T (yfinance),1,USD,Equity,0,0.0004,0,US
UAL_yfinance,UAL (yfinance),1,USD,Equity,0,0.0004,0,US
UBER_yfinance,UBER (yfinance),1,USD,Equity,0,0.0004,0,US
UDR_yfinance,UDR (yfinance),1,USD,Equity,0,0.0004,0,US
UHS_yfinance,UHS (yfinance),1,USD,Equity,0,0.0004,0,US
ULTA_yfinance,ULTA (yfinance),1,USD,Equity,0,0.0004,0,US
UMBS-20,30 Year UMBS 2% Coupon,1000,USD,Bond,0,0,0,US
UMBS-25,30 Year UMBS 2.5% Coupon,1000,USD,Bond,0,0,0,US
UMBS-30,30 Year UMBS 3% Coupon,1000,USD,Bond,0,0,0,US
UMBS-35,30 Year UMBS 3.5% Coupon,1000,USD,Bond,0,0,0,US
UMBS-40,30 Year UMBS 4% Coupon,1000,USD,Bond,0,0,0,US
UMBS-45,30 Year UMBS 4.5% Coupon,1000,USD,Bond,0,0,0,US
UMBS-50,30 Year UMBS 5% Coupon,1000,USD,Bond,0,0,0,US
UNH_yfinance,UNH (yfinance),1,USD,Equity,0,0.0004,0,US
UNP_yfinance,UNP (yfinance),1,USD,Equity,0,0.0004,0,US
UPS_yfinance,UPS (yfinance),1,USD,Equity,0,0.0004,0,US
URANIUM,NYMEX Uranium Index,250,USD,OilGas,0.85,0,0,US
URI_yfinance,URI (yfinance),1,USD,Equity,0,0.0004,0,US
US-BIOTECH,S&P Biotechnology Select Industry Index,10,USD,Sector,0,0,0,US
US-DISCRETE,Consumer Discretionary Select Sector Index,100,USD,Sector,2.2,0,0,US
US-ENERGY,Energy Select Sector Index,100,USD,Sector,1.5,0,0,US
US-FINANCE,Financial Select Sector Index,250,USD,Sector,2.2,0,0,US
US-HEALTH,Health Care Select Sector Index,100,USD,Sector,2.2,0,0,US
US-INDUSTRY,Industrial Select Sector Index,100,USD,Sector,2.2,0,0,US
US-INSURE,S&P Insurance Select Industry Index,25,USD,Sector,0,0,0,US
US-MATERIAL,Materials Select Sector Index,100,USD,Sector,1.5,0,0,US
US-OILGAS,S&P Oil & Gas Exploration & Production Select Industry Index,25,USD,Sector,0,0,0,US
US-PROPERTY,Real Estate Select Sector Index,250,USD,Sector,1.5,0,0,US
US-REALESTATE,US Real estate,100,USD,Sector,1.5,0,0,US
US-REGBANK,S&P Regional Banks,50,USD,Sector,0,0,0,US
US-RETAIL,S&P Retail Select Industry Index,10,USD,Sector,0,0,0,US
US-SEMICONDUCTOR,E-mini PHLX Semiconductor Sector,25,USD,Sector,0,0,0,US
US-STAPLES,Consumer Staples Select Sector Index,100,USD,Sector,1.5,0,0,US
US-TECH,Technology Select Sector Index -,100,USD,Sector,1.5,0,0,US
US-UTILS,Utilities Select Sector Index,100,USD,Sector,1.5,0,0,US
US10,US 10 year bond note,1000,USD,Bond,1.67,0,0,US
US10U,Ultra 10-Year US Treasury Note,1000,USD,Bond,1.67,0,0,US
US10Y_micro,10 Year Micro Treasury Yield,1000,USD,Bond,0,0,0,US
US10Y_small,Small 10YR US Treasury Yield,100,USD,Bond,0,0,0,US
US10_BBG,US 10 year bond note (BBG),1000,USD,Bond,1.67,0,0,US
US2,US 2 year bond note,2000,USD,Bond,1.51,0,0,US
US20,US 20 year bond,1000,USD,Bond,1.74,0,0,US
US20-new,Ultra 20-Year U.S. Treasury Bond,1000,USD,Bond,0,0,0,US
US2Y_micro,2 Year Micro Treasury Yield,1000,USD,Bond,0,0,0,US
US2Y_small,Small 2YR US Treasury Yield,100,USD,Bond,0,0,0,US
US3,US 3 year bond note,2000,USD,Bond,1.52,0,0,US
US30,Ultra Treasury Bond,1000,USD,Bond,1.82,0,0,US
US30Y_micro,30 Year Micro Treasury Yield,1000,USD,Bond,0,0,0,US
US30Y_small,Small 30YR US Treasury Yield,100,USD,Bond,0,0,0,US
US5,US 5 year bond note,1000,USD,Bond,1.51,0,0,US
US5Y_micro,5 Year Micro Treasury Yield,1000,USD,Bond,0,0,0,US
USB_yfinance,USB (yfinance),1,USD,Equity,0,0.0004,0,US
USDCAD_micro,USDCAD_micro,10000,CAD,FX,0,0,0,US
USDCHF_micro,USDCHF_micro,10000,CHF,FX,0,0,0,US
USDCNH-CME,USDCNME on CME,100000,CNH,FX,0,0,0,US
USDCNH-HK,USDCNH HK,20000,CNH,FX,0,0,0,ASIA
USDCNH-SGX_mini,SGX USD-CNH Futures (Mini),25000,CNH,FX,0,0,0,ASIA
USDINR,USDINR,1000,INR,FX,0,0,0,ASIA
USDKRW,USDKRW,10000,KRW,FX,1500,0,0,ASIA
USDMXP,USDMXP,10000,MXP,FX,0,0,0,US
USD_small,Small US dollar,100,USD,FX,0,0,0,US
USIRS10,US 10 year swap,1000,USD,Bond,1.5,0,0,US
USIRS10ERIS,10-Year Eris Swap Futures,1000,USD,Bond,0.85,0,0,US
USIRS10_ICE,"Ten year dollar swapnote, ICE",1000,USD,Bond,0,0,0,EMEA
USIRS12ERIS,12-Year Eris Swap Futures,1000,USD,Bond,0,0,0,US
USIRS15ERIS,15-Year Eris Swap Futures,1000,USD,Bond,0,0,0,US
USIRS2,2-Year Deliverable Interest Rate Swap Futures,1000,USD,Bond,0.85,0,0,US
USIRS20ERIS,20-Year Eris Swap Futures,1000,USD,Bond,0,0,0,US
USIRS2ERIS,2-Year Eris Swap Futures,1000,USD,Bond,0.85,0,0,US
USIRS2_ICE,"Two year dollar swapnote, ICE",1000,USD,Bond,0,0,0,EMEA
USIRS30,30-Year Deliverable Interest Rate Swap Futures,1000,USD,Bond,0.85,0,0,US
USIRS3ERIS,3-Year Eris Swap Futures,1000,USD,Bond,0.85,0,0,US
USIRS4ERIS,4-Year Eris Swap Futures,1000,USD,Bond,0.85,0,0,US
USIRS5,US 5 year swap,1000,USD,Bond,1.5,0,0,US
USIRS5ERIS,5-Year Eris Swap Futures,1000,USD,Bond,0.85,0,0,US
USIRS5ERIS_SOFR,5-Year Eris SOFR Swap Futures,1000,USD,Bond,0.85,0,0,US
USIRS5_ICE,"Five year dollar swapnote, ICE",1000,USD,Bond,0,0,0,EMEA
USIRS7ERIS,7-Year Eris Swap Futures,1000,USD,Bond,0.85,0,0,US
V2X,Vol European equity V2X,100,EUR,Vol,2,0,0,EMEA
V2X_BBG,Vol European equity V2X (BBG),100,EUR,Vol,2,0,0,EMEA
VHANG,Hang Seng Volatility Index,5000,HKD,Vol,0,0,0,ASIA
VICI_yfinance,VICI (yfinance),1,USD,Equity,0,0.0004,0,US
VIX,Vol US equity VIX,1000,USD,Vol,2.38,0,0,US
VIX_mini,Vol US equity VIX mini,100,USD,Vol,0.475,0,0,US
VLO_yfinance,VLO (yfinance),1,USD,Equity,0,0.0004,0,US
VLTO_yfinance,VLTO (yfinance),1,USD,Equity,0,0.0004,0,US
VMC_yfinance,VMC (yfinance),1,USD,Equity,0,0.0004,0,US
VNKI,Nikkei 225 Volatility Index,10000,JPY,Vol,400,0,0,ASIA
VOLQ,NASDAQ-100 Volatility Index,100,USD,Vol,0,0,0,US
VRSK_yfinance,VRSK (yfinance),1,USD,Equity,0,0.0004,0,US
VRSN_yfinance,VRSN (yfinance),1,USD,Equity,0,0.0004,0,US
VRTX_yfinance,VRTX (yfinance),1,USD,Equity,0,0.0004,0,US
VST_yfinance,VST (yfinance),1,USD,Equity,0,0.0004,0,US
VTRS_yfinance,VTRS (yfinance),1,USD,Equity,0,0.0004,0,US
VTR_yfinance,VTR (yfinance),1,USD,Equity,0,0.0004,0,US
VZ_yfinance,VZ (yfinance),1,USD,Equity,0,0.0004,0,US
V_yfinance,V (yfinance),1,USD,Equity,0,0.0004,0,US
WAB_yfinance,WAB (yfinance),1,USD,Equity,0,0.0004,0,US
WATER-CALI,The Nasdaq Veles California Water Index,10,USD,Weather,0,0,0,US
WAT_yfinance,WAT (yfinance),1,USD,Equity,0,0.0004,0,US
WBD_yfinance,WBD (yfinance),1,USD,Equity,0,0.0004,0,US
WDAY_yfinance,WDAY (yfinance),1,USD,Equity,0,0.0004,0,US
WDC_yfinance,WDC (yfinance),1,USD,Equity,0,0.0004,0,US
WEC_yfinance,WEC (yfinance),1,USD,Equity,0,0.0004,0,US
WELL_yfinance,WELL (yfinance),1,USD,Equity,0,0.0004,0,US
WFC_yfinance,WFC (yfinance),1,USD,Equity,0,0.0004,0,US
WHEAT,Wheat,50,USD,Ags,2.97,0,0,US
WHEAT-ASX,WHEAT FUTURES,20,AUD,Ags,0,0,0,ASIA
WHEAT_ICE,Wheat ICE,100,GBP,Ags,0,0,0,EMEA
WHEAT_mini,Wheat mini,10,USD,Ags,1.9,0,0,US
WHEY,CME DRY WHEY INDEX,440,USD,Ags,2.97,0,0,US
WMB_yfinance,WMB (yfinance),1,USD,Equity,0,0.0004,0,US
WMT_yfinance,WMT (yfinance),1,USD,Equity,0,0.0004,0,US
WM_yfinance,WM (yfinance),1,USD,Equity,0,0.0004,0,US
WRB_yfinance,WRB (yfinance),1,USD,Equity,0,0.0004,0,US
WSM_yfinance,WSM (yfinance),1,USD,Equity,0,0.0004,0,US
WST_yfinance,WST (yfinance),1,USD,Equity,0,0.0004,0,US
WTI_small,Small US Crude Oil,100,USD,OilGas,2.85,0,0,US
WTW_yfinance,WTW (yfinance),1,USD,Equity,0,0.0004,0,US
WYNN_yfinance,WYNN (yfinance),1,USD,Equity,0,0.0004,0,US
WY_yfinance,WY (yfinance),1,USD,Equity,0,0.0004,0,US
XEL_yfinance,XEL (yfinance),1,USD,Equity,0,0.0004,0,US
XOM_yfinance,XOM (yfinance),1,USD,Equity,0,0.0004,0,US
XYL_yfinance,XYL (yfinance),1,USD,Equity,0,0.0004,0,US
XYZ_yfinance,XYZ (yfinance),1,USD,Equity,0,0.0004,0,US
YENEUR,YENEUR currency,125000,JPY,FX,329.4,0,0,US
YENEUR-ICE,EUR.JPY,125000,JPY,FX,0,0,0,US
YUM_yfinance,YUM (yfinance),1,USD,Equity,0,0.0004,0,US
ZAR,South African Rand,500000,USD,FX,2.47,0,0,US
ZBH_yfinance,ZBH (yfinance),1,USD,Equity,0,0.0004,0,US
ZBRA_yfinance,ZBRA (yfinance),1,USD,Equity,0,0.0004,0,US
ZINC_LME,Zinc - LME,25,USD,Metals,0,0,0,EMEA
ZTS_yfinance,ZTS (yfinance),1,USD,Equity,0,0.0004,0,US
