Instrument,HoldRollCycle,RollOffsetDays,CarryOffset,PricedRollCycle,ExpiryOffset
30YRCONF,FGHJKMNQUVXZ,-5,1,FGHJKMNQUVXZ,11
30YRJUMBO,FGHJKMNQUVXZ,-5,1,FGHJKMNQUVXZ,9
AAPL_yfinance,H,-999,0,H,0
ABBV_yfinance,H,-999,0,H,0
ABNB_yfinance,H,-999,0,H,0
ABT_yfinance,H,-999,0,H,0
ACGL_yfinance,H,-999,0,H,0
ACN_yfinance,H,-999,0,H,0
ADBE_yfinance,H,-999,0,H,0
ADI_yfinance,H,-999,0,H,0
ADM_yfinance,H,-999,0,H,0
ADP_yfinance,H,-999,0,H,0
ADSK_yfinance,H,-999,0,H,0
AEE_yfinance,H,-999,0,H,0
AEP_yfinance,H,-999,0,H,0
AES_yfinance,H,-999,0,H,0
AEX,FGHJKMNQUVXZ,-5,1,FGHJKMNQUVXZ,19
AEX_mini,FGHJKMNQUVXZ,-5,1,FGHJKMNQUVXZ,19
AFL_yfinance,H,-999,0,H,0
AIG_yfinance,H,-999,0,H,0
AIZ_yfinance,H,-999,0,H,0
AJG_yfinance,H,-999,0,H,0
AKAM_yfinance,H,-999,0,H,0
ALB_yfinance,H,-999,0,H,0
ALGN_yfinance,H,-999,0,H,0
ALLE_yfinance,H,-999,0,H,0
ALL_yfinance,H,-999,0,H,0
ALUMINIUM,FGHJKMNQUVXZ,-45,1,FGHJKMNQUVXZ,14
ALUMINIUM_LME,FGHJKMNQUVXZ,-45,1,FGHJKMNQUVXZ,14
AMAT_yfinance,H,-999,0,H,0
AMCR_yfinance,H,-999,0,H,0
AMD_yfinance,H,-999,0,H,0
AMERIBOR-1M,FGHJKMNQUVXZ,-5,1,FGHJKMNQUVXZ,26
AMERIBOR-3M,FGHJKMNQUVXZ,-5,1,FGHJKMNQUVXZ,26
AMERIBOR-T30,FGHJKMNQUVXZ,-5,1,FGHJKMNQUVXZ,26
AME_yfinance,H,-999,0,H,0
AMGN_yfinance,H,-999,0,H,0
AMP_yfinance,H,-999,0,H,0
AMT_yfinance,H,-999,0,H,0
AMX,FGHJKMNQUVXZ,-5,1,FGHJKMNQUVXZ,14
AMZN_yfinance,H,-999,0,H,0
ANET_yfinance,H,-999,0,H,0
AON_yfinance,H,-999,0,H,0
AOS_yfinance,H,-999,0,H,0
APA_yfinance,H,-999,0,H,0
APD_yfinance,H,-999,0,H,0
APH_yfinance,H,-999,0,H,0
APO_yfinance,H,-999,0,H,0
APP_yfinance,H,-999,0,H,0
APTV_yfinance,H,-999,0,H,0
ARES_yfinance,H,-999,0,H,0
ARE_yfinance,H,-999,0,H,0
ASX,FGHJKMNQUVXZ,-5,1,FGHJKMNQUVXZ,18
ATO_yfinance,H,-999,0,H,0
ATX,HMUZ,-5,1,HMUZ,16
AUD,HMUZ,-5,1,HMUZ,17
AUD-ICE,HMUZ,-5,1,HMUZ,16
AUD-SGX,FGHJKMNQUVXZ,-5,1,FGHJKMNQUVXZ,12
AUDCAD,HMUZ,-5,1,HMUZ,16
AUDJPY,HMUZ,-5,1,HMUZ,17
AUDJPY-SGX,FGHJKMNQUVXZ,-5,1,FGHJKMNQUVXZ,13
AUD_micro,HMUZ,-5,1,HMUZ,17
AUSCASH,FGHJKMNQUVXZ,-20,1,FGHJKMNQUVXZ,30
AVB_yfinance,H,-999,0,H,0
AVGO_yfinance,H,-999,0,H,0
AVY_yfinance,H,-999,0,H,0
AWK_yfinance,H,-999,0,H,0
AXON_yfinance,H,-999,0,H,0
AXP_yfinance,H,-999,0,H,0
AZO_yfinance,H,-999,0,H,0
A_yfinance,H,-999,0,H,0
BAC_yfinance,H,-999,0,H,0
BALL_yfinance,H,-999,0,H,0
BARLEY,FHKNUX,-5,1,FHKNUX,14
BAX_yfinance,H,-999,0,H,0
BA_yfinance,H,-999,0,H,0
BB3M,HMUZ,-90,-1,HMUZ,15
BBCOMM,HMUZ,-5,1,HMUZ,15
BBY_yfinance,H,-999,0,H,0
BDX_yfinance,H,-999,0,H,0
BEL20,FGHJKMNQUVXZ,-5,1,FGHJKMNQUVXZ,15
BEN_yfinance,H,-999,0,H,0
BF-B_yfinance,H,-999,0,H,0
BG_yfinance,H,-999,0,H,0
BIIB_yfinance,H,-999,0,H,0
BITCOIN,FGHJKMNQUVXZ,-4,1,FGHJKMNQUVXZ,26
BITCOIN-BAKKT,FGHJKMNQUVXZ,-5,1,FGHJKMNQUVXZ,28
BKNG_yfinance,H,-999,0,H,0
BKR_yfinance,H,-999,0,H,0
BK_yfinance,H,-999,0,H,0
BLDR_yfinance,H,-999,0,H,0
BLK_yfinance,H,-999,0,H,0
BMY_yfinance,H,-999,0,H,0
BOBL,HMUZ,-5,1,HMUZ,6
BONO,HMUZ,-5,1,HMUZ,6
BONO-MEFF,HMUZ,-5,1,HMUZ,13
BONO10,HMUZ,-5,1,HMUZ,28
BONO3,HMUZ,-5,1,HMUZ,25
BOVESPA,GJMQVZ,-5,1,GJMQVZ,15
BRE,FGHJKMNQUVXZ,-5,1,FGHJKMNQUVXZ,17
BRENT,FGHJKMNQUVXZ,-5,1,FGHJKMNQUVXZ,19
BRENT-LAST,FGHJKMNQUVXZ,-40,-1,FGHJKMNQUVXZ,-32
BRENT_W,FGHJKMNQUVXZ,-40,-1,FGHJKMNQUVXZ,14
BRK-B_yfinance,H,-999,0,H,0
BRO_yfinance,H,-999,0,H,0
BRR,FGHJKMNQUVXZ,-5,1,FGHJKMNQUVXZ,26
BRREUR,FGHJKMNQUVXZ,-5,1,FGHJKMNQUVXZ,21
BR_yfinance,H,-999,0,H,0
BSX_yfinance,H,-999,0,H,0
BTP,HMUZ,-5,1,HMUZ,6
BTP3,HMUZ,-5,1,HMUZ,10
BTP5,HMUZ,-5,1,HMUZ,10
BUND,HMUZ,-5,1,HMUZ,6
BUTTER,FGHJKMNQUVXZ,-40,-1,FGHJKMNQUVXZ,15
BUXL,HMUZ,-5,1,HMUZ,6
BXP_yfinance,H,-999,0,H,0
BX_yfinance,H,-999,0,H,0
CAC,FGHJKMNQUVXZ,-5,1,FGHJKMNQUVXZ,20
CAD,HMUZ,-5,1,HMUZ,17
CAD10,HMUZ,-20,1,HMUZ,20
CAD2,HMUZ,-20,1,HMUZ,20
CAD5,HMUZ,-20,1,HMUZ,20
CADJPY,HMUZ,-5,1,HMUZ,17
CADJPY2,HMUZ,-5,1,HMUZ,16
CADSTIR,HMUZ,-200,-1,FGHJKMNQUVXZ,15
CAD_micro,HMUZ,-5,1,HMUZ,17
CAG_yfinance,H,-999,0,H,0
CAH_yfinance,H,-999,0,H,0
CAN-ENERGY,HMUZ,-5,1,HMUZ,16
CAN-FINANCE,HMUZ,-5,1,HMUZ,15
CAN-GOLD,HMUZ,-5,1,HMUZ,16
CAN-TECH,HMUZ,-5,1,HMUZ,16
CANOLA,FHKNX,-60,-1,FHKNX,13
CARR_yfinance,H,-999,0,H,0
CAT_yfinance,H,-999,0,H,0
CBOE_yfinance,H,-999,0,H,0
CBRE_yfinance,H,-999,0,H,0
CB_yfinance,H,-999,0,H,0
CCI_yfinance,H,-999,0,H,0
CCL_yfinance,H,-999,0,H,0
CDNS_yfinance,H,-999,0,H,0
CDW_yfinance,H,-999,0,H,0
CEG_yfinance,H,-999,0,H,0
CETES,FGHJKMNQUVXZ,-5,1,FGHJKMNQUVXZ,13
CFG_yfinance,H,-999,0,H,0
CF_yfinance,H,-999,0,H,0
CH10,HMUZ,-5,1,HMUZ,6
CHD_yfinance,H,-999,0,H,0
CHEESE,FGHJKMNQUVXZ,-40,-1,FGHJKMNQUVXZ,15
CHF,HMUZ,-5,1,HMUZ,17
CHFJPY,HMUZ,-5,1,HMUZ,17
CHFJPY-ICE,HMUZ,-5,1,HMUZ,16
CHF_micro,HMUZ,-5,1,HMUZ,17
CHINA120,FGHJKMNQUVXZ,-5,1,FGHJKMNQUVXZ,28
CHINAA-CON,FGHJKMNQUVXZ,-5,1,FGHJKMNQUVXZ,18
CHRW_yfinance,H,-999,0,H,0
CHTR_yfinance,H,-999,0,H,0
CIEN_yfinance,H,-999,0,H,0
CINF_yfinance,H,-999,0,H,0
CI_yfinance,H,-999,0,H,0
CLP,FGHJKMNQUVXZ,-5,1,FGHJKMNQUVXZ,1
CLX_yfinance,H,-999,0,H,0
CL_yfinance,H,-999,0,H,0
CMCSA_yfinance,H,-999,0,H,0
CME_yfinance,H,-999,0,H,0
CMG_yfinance,H,-999,0,H,0
CMI_yfinance,H,-999,0,H,0
CMS_yfinance,H,-999,0,H,0
CNC_yfinance,H,-999,0,H,0
CNH,FGHJKMNQUVXZ,-10,1,FGHJKMNQUVXZ,15
CNH-CME,FGHJKMNQUVXZ,-5,1,FGHJKMNQUVXZ,19
CNH-CME_micro,FGHJKMNQUVXZ,-5,1,FGHJKMNQUVXZ,19
CNH-HK,FGHJKMNQUVXZ,-5,1,FGHJKMNQUVXZ,17
CNH-onshore,FGHJKMNQUVXZ,-5,1,FGHJKMNQUVXZ,15
CNHEUR,FGHJKMNQUVXZ,-5,1,FGHJKMNQUVXZ,19
CNP_yfinance,H,-999,0,H,0
COAL,FGHJKMNQUVXZ,-45,-1,FGHJKMNQUVXZ,24
COAL-GEORDIE,FGHJKMNQUVXZ,-45,-1,FGHJKMNQUVXZ,27
COAL-RICH-BAY,FGHJKMNQUVXZ,-90,-1,FGHJKMNQUVXZ,27
COCOA,HKNUZ,-50,-1,HKNUZ,13
COCOA_LDN,HKNUZ,-50,-1,HKNUZ,13
COFFEE,HKNUZ,-50,-1,HKNUZ,19
COF_yfinance,H,-999,0,H,0
COIN_yfinance,H,-999,0,H,0
COO_yfinance,H,-999,0,H,0
COPPER,HNUZ,-30,1,FHJMNUVZ,27
COPPER-micro,HKNUZ,-30,1,FGHJKMNQUVXZ,15
COPPER-mini,HKNUZ,-30,1,HKNUZ,27
COPPER_LME,FGHJKMNQUVXZ,-45,1,FGHJKMNQUVXZ,14
COP_yfinance,H,-999,0,H,0
CORN,Z,-60,-1,HKNUZ,14
CORN-EURO,HMQX,-35,-1,HMQX,6
CORN-JPN,FHKNUX,-5,1,FHKNUX,21
CORN_BBG,Z,-60,-1,HKNUZ,14
CORN_mini,HKNUZ,-30,1,HKNUZ,14
CORRA,HMUZ,-180,-1,HMUZ,19
COR_yfinance,H,-999,0,H,0
COST_yfinance,H,-999,0,H,0
COTTON,HKNVZ,-5,1,HKNVZ,15
COTTON2,HKNZ,-60,-1,HKNVZ,6
CPAY_yfinance,H,-999,0,H,0
CPB_yfinance,H,-999,0,H,0
CPRT_yfinance,H,-999,0,H,0
CPT_yfinance,H,-999,0,H,0
CRH_yfinance,H,-999,0,H,0
CRL_yfinance,H,-999,0,H,0
CRM_yfinance,H,-999,0,H,0
CRUDE_ICE,FGHJKMNQUVXZ,-5,1,FGHJKMNQUVXZ,16
CRUDE_W,Z,-40,-1,FGHJKMNQUVXZ,-11
CRUDE_W_micro,FGHJKMNQUVXZ,-40,-1,FGHJKMNQUVXZ,-11
CRUDE_W_mini,FGHJKMNQUVXZ,-40,-1,FGHJKMNQUVXZ,-11
CRWD_yfinance,H,-999,0,H,0
CSCO_yfinance,H,-999,0,H,0
CSGP_yfinance,H,-999,0,H,0
CSX_yfinance,H,-999,0,H,0
CTAS_yfinance,H,-999,0,H,0
CTRA_yfinance,H,-999,0,H,0
CTSH_yfinance,H,-999,0,H,0
CTVA_yfinance,H,-999,0,H,0
CVNA_yfinance,H,-999,0,H,0
CVS_yfinance,H,-999,0,H,0
CVX_yfinance,H,-999,0,H,0
CZK,HMUZ,-5,1,HMUZ,15
C_yfinance,H,-999,0,H,0
DAL_yfinance,H,-999,0,H,0
DASH_yfinance,H,-999,0,H,0
DAX,HMUZ,-5,1,HMUZ,15
DDOG_yfinance,H,-999,0,H,0
DD_yfinance,H,-999,0,H,0
DECK_yfinance,H,-999,0,H,0
DELL_yfinance,H,-999,0,H,0
DE_yfinance,H,-999,0,H,0
DGX_yfinance,H,-999,0,H,0
DG_yfinance,H,-999,0,H,0
DHI_yfinance,H,-999,0,H,0
DHR_yfinance,H,-999,0,H,0
DIS_yfinance,H,-999,0,H,0
DIVDAX,HMUZ,-5,1,HMUZ,19
DIVDAX-DIVI,HMUZ,-5,1,HMUZ,15
DIVDAX-DIVI2,Z,-5,1,Z,20
DJSTX-SMALL,HMUZ,-10,1,HMUZ,18
DJUBS,FGHJMNQUVXZ,-5,1,FGHJMNQUVXZ,18
DLR_yfinance,H,-999,0,H,0
DLTR_yfinance,H,-999,0,H,0
DOC_yfinance,H,-999,0,H,0
DOV_yfinance,H,-999,0,H,0
DOW,HMUZ,-5,1,HMUZ,15
DOW_YEN,HMUZ,-5,1,HMUZ,17
DOW_mini,HMUZ,-5,1,HMUZ,15
DOW_yfinance,H,-999,0,H,0
DPZ_yfinance,H,-999,0,H,0
DRI_yfinance,H,-999,0,H,0
DTE_yfinance,H,-999,0,H,0
DUK_yfinance,H,-999,0,H,0
DVA_yfinance,H,-999,0,H,0
DVN_yfinance,H,-999,0,H,0
DX,HMUZ,-30,1,HMUZ,13
DXCM_yfinance,H,-999,0,H,0
D_yfinance,H,-999,0,H,0
EA_yfinance,H,-999,0,H,0
EBAY_yfinance,H,-999,0,H,0
ECL_yfinance,H,-999,0,H,0
EDOLLAR,HMUZ,-1100,-1,HMUZ,18
ED_yfinance,H,-999,0,H,0
EFX_yfinance,H,-999,0,H,0
EG_yfinance,H,-999,0,H,0
EIX_yfinance,H,-999,0,H,0
ELV_yfinance,H,-999,0,H,0
EL_yfinance,H,-999,0,H,0
EME_yfinance,H,-999,0,H,0
EMR_yfinance,H,-999,0,H,0
EOG_yfinance,H,-999,0,H,0
EPAM_yfinance,H,-999,0,H,0
EPRA-EURO,HMU,-5,1,HMU,19
EPRA-EUROPE,HMUZ,-5,1,HMUZ,13
EQIX_yfinance,H,-999,0,H,0
EQR_yfinance,H,-999,0,H,0
EQT_yfinance,H,-999,0,H,0
ERIE_yfinance,H,-999,0,H,0
ESS_yfinance,H,-999,0,H,0
ES_yfinance,H,-999,0,H,0
ETHANOL,FGHJKMNQUVXZ,-5,1,FGHJKMNQUVXZ,-11
ETHER-micro,FGHJKMNQUVXZ,-5,1,FGHJKMNQUVXZ,15
ETHEREUM,FGHJKMNQUVXZ,-5,1,FGHJKMNQUVXZ,15
ETHRR,FGHJKMNQUVXZ,-5,1,FGHJKMNQUVXZ,20
ETHRREUR,FGHJKMNUXZ,-5,1,FGHJKMNUXZ,20
ETN_yfinance,H,-999,0,H,0
ETR_yfinance,H,-999,0,H,0
EU-AUTO,HMUZ,-5,1,HMUZ,15
EU-BANKS,HMUZ,-10,1,HMUZ,18
EU-BANKS-DIVI,MZ,-5,1,MZ,19
EU-BANKS2,HMUZ,-5,1,HMUZ,20
EU-BASIC,HMUZ,-5,1,HMUZ,15
EU-CHEM,HMUZ,-10,1,HMUZ,18
EU-CONSTRUCTION,HMUZ,-10,1,HMUZ,18
EU-DIV30,HMUZ,-5,1,HMUZ,15
EU-DIV30-DVP,Z,-5,1,Z,19
EU-DIV50,MZ,-60,1,MZ,15
EU-DJ-AUTO,HMUZ,-5,1,HMUZ,14
EU-DJ-BASIC,HMUZ,-5,1,HMUZ,16
EU-DJ-CHEM,HMUZ,-5,1,HMUZ,17
EU-DJ-CONSTRUCTION,HMUZ,-5,1,HMUZ,18
EU-DJ-FINANCE,HMUZ,-5,1,HMUZ,19
EU-DJ-FOOD,HMUZ,-5,1,HMUZ,15
EU-DJ-HEALTH,HMUZ,-5,1,HMUZ,14
EU-DJ-HOUSE,HMUZ,-5,1,HMUZ,18
EU-DJ-INDUSTRY,HMUZ,-5,1,HMUZ,20
EU-DJ-INDUSTRY2,HMUZ,-5,1,HMUZ,14
EU-DJ-INSURE,HMUZ,-5,1,HMUZ,17
EU-DJ-MEDIA,HMUZ,-5,1,HMUZ,17
EU-DJ-OIL,HMUZ,-5,1,HMUZ,15
EU-DJ-RETAIL,HMUZ,-5,1,HMUZ,19
EU-DJ-TECH,HMUZ,-5,1,HMUZ,15
EU-DJ-TELECOM,HMUZ,-5,1,HMUZ,15
EU-DJ-TRAVEL,HMUZ,-5,1,HMUZ,16
EU-DJ-UTIL,HMUZ,-5,1,HMUZ,15
EU-ESG,HMUZ,-5,1,HMUZ,18
EU-FINANCE,HMUZ,-5,1,HMUZ,17
EU-FOOD,HMUZ,-5,1,HMUZ,15
EU-HEALTH,HMUZ,-5,1,HMUZ,15
EU-HOUSE,HMUZ,-5,1,HMUZ,15
EU-INSURE,HMUZ,-10,1,HMUZ,18
EU-MEDIA,HMUZ,-5,1,HMUZ,15
EU-MID,HMUZ,-5,1,HMUZ,15
EU-OIL,HMUZ,-5,1,HMUZ,15
EU-REALESTATE,HMUZ,-5,1,HMUZ,15
EU-RETAIL,HMUZ,-5,1,HMUZ,15
EU-TECH,HMUZ,-5,1,HMUZ,15
EU-TELECOM,HMUZ,-5,1,HMUZ,19
EU-TRAVEL,HMUZ,-5,1,HMUZ,15
EU-UTILS,HMUZ,-5,1,HMUZ,15
EUA,Z,-270,-1,HMUZ,14
EUIRS10,HMUZ,-5,1,HMUZ,16
EUIRS2,HMUZ,-5,1,HMUZ,15
EUIRS5,HMUZ,-5,1,HMUZ,15
EUR,HMUZ,-5,1,HMUZ,17
EUR-ICE,HMUZ,-5,1,HMUZ,17
EURAUD,HMUZ,-5,1,HMUZ,17
EURAUD-ICE,HMUZ,-5,1,HMUZ,17
EURCAD,HMUZ,-5,1,HMUZ,15
EURCAD-ICE,HMUZ,-5,1,HMUZ,17
EURCHF,HMUZ,-5,1,HMUZ,17
EURCHF-ICE,HMUZ,-5,1,HMUZ,20
EURCZK,HMUZ,-5,1,HMUZ,20
EURHUF,HMUZ,-5,1,HMUZ,17
EURIBOR,HMUZ,-700,-1,HMUZ,15
EURIBOR-ICE,HMUZ,-700,-1,HMUZ,15
EURINR,FGHJKMNQUVXZ,-5,1,FGHJKMNQUVXZ,18
EURMXP,FGHJKMNQUVXZ,-5,1,FGHJKMNQUVXZ,15
EURO600,HMUZ,-5,1,HMUZ,15
EURO600-ESG,HMUZ,-5,1,HMUZ,21
EUROFIRST100,HMU,-5,1,HMU,19
EUROFIRST80,HMU,-5,1,HMU,19
EUROSTX,HMUZ,-5,1,HMUZ,15
EUROSTX-CORE,HMUZ,-5,1,HMUZ,20
EUROSTX-DJ,HMUZ,-5,1,HMUZ,21
EUROSTX-LARGE,HMUZ,-5,1,HMUZ,15
EUROSTX-MID,HMUZ,-5,1,HMUZ,18
EUROSTX-PRICE,HMUZ,-5,1,HMUZ,19
EUROSTX-SMALL,HMUZ,-5,1,HMUZ,15
EUROSTX200-LARGE,HMUZ,-5,1,HMUZ,15
EUROSTX_BBG,HMUZ,-5,1,HMUZ,15
EUR_micro,HMUZ,-5,1,HMUZ,17
EUR_mini,HMUZ,-5,1,HMUZ,17
EVRG_yfinance,H,-999,0,H,0
EW_yfinance,H,-999,0,H,0
EXC_yfinance,H,-999,0,H,0
EXE_yfinance,H,-999,0,H,0
EXPD_yfinance,H,-999,0,H,0
EXPE_yfinance,H,-999,0,H,0
EXR_yfinance,H,-999,0,H,0
FANG,HMUZ,-5,1,HMUZ,16
FANG_yfinance,H,-999,0,H,0
FAST_yfinance,H,-999,0,H,0
FCX_yfinance,H,-999,0,H,0
FDS_yfinance,H,-999,0,H,0
FDX_yfinance,H,-999,0,H,0
FED,FGHJKMNQUVXZ,-180,-1,FGHJKMNQUVXZ,15
FEEDCOW,FHJKQUVX,-90,-1,FHJKQUVX,15
FE_yfinance,H,-999,0,H,0
FFIV_yfinance,H,-999,0,H,0
FICO_yfinance,H,-999,0,H,0
FISV_yfinance,H,-999,0,H,0
FIS_yfinance,H,-999,0,H,0
FITB_yfinance,H,-999,0,H,0
FIX_yfinance,H,-999,0,H,0
FOXA_yfinance,H,-999,0,H,0
FOX_yfinance,H,-999,0,H,0
FRT_yfinance,H,-999,0,H,0
FSLR_yfinance,H,-999,0,H,0
FTNT_yfinance,H,-999,0,H,0
FTSE100,HMUZ,-30,1,HMUZ,17
FTSE100-DIV,HMUZ,-30,1,HMUZ,17
FTSE250,HMUZ,-5,1,HMUZ,15
FTSECHINAA,FGHJKMNQUVXZ,-10,1,FGHJKMNQUVXZ,15
FTSECHINAA-CSOP,FGHJKMNQUVXZ,-10,1,FGHJKMNQUVXZ,28
FTSECHINAA-IS,FGHJKMNQUVXZ,-5,1,FGHJKMNQUVXZ,25
FTSECHINAH,FGHJKMNQUVXZ,-5,1,FGHJKMNQUVXZ,14
FTSEINDO,FGHJKMNQUVXZ,-10,1,FGHJKMNQUVXZ,18
FTSETAIWAN,FGHJKMNQUVXZ,-10,1,FGHJKMNQUVXZ,15
FTSEVIET,FGHJKMNQUVXZ,-10,1,FGHJKMNQUVXZ,15
FTV_yfinance,H,-999,0,H,0
F_yfinance,H,-999,0,H,0
GAS-LAST,FGHJKMNQUVXZ,-35,-1,FGHJKMNQUVXZ,-5
GAS-PEN,FGHJKMNQUVXZ,-35,-1,FGHJKMNQUVXZ,-5
GASOIL,FGHJKMNQUVXZ,-60,-1,FGHJKMNQUVXZ,12
GASOILINE,FGHJKMNQUVXZ,-60,-1,FGHJKMNQUVXZ,14
GASOILINE_ICE,FGHJKMNQUVXZ,-5,1,FGHJKMNQUVXZ,20
GASOILINE_micro,FGHJKMNQUVXZ,-30,1,FGHJKMNQUVXZ,14
GAS_NL,HMUZ,-60,-1,HMUZ,-4
GAS_UK,HMUZ,-60,-1,HMUZ,-4
GAS_US,FGHJKMNQUVXZ,-35,-1,FGHJKMNQUVXZ,-4
GAS_US_mini,FGHJKMNQUVXZ,-35,-1,FGHJKMNQUVXZ,-4
GBP,HMUZ,-5,1,HMUZ,17
GBP-ICE,HMUZ,-5,1,HMUZ,15
GBPCHF,HMUZ,-5,1,HMUZ,17
GBPCHF-ICE,HMUZ,-5,1,HMUZ,18
GBPEUR,HMUZ,-5,1,HMUZ,15
GBPEUR-ICE,HMUZ,-5,1,HMUZ,15
GBPINR,FGHJKMNQUVXZ,-20,1,FGHJKMNQUVXZ,20
GBPJPY,HMUZ,-5,1,HMUZ,15
GBPJPY-ICE,HMUZ,-5,1,HMUZ,16
GBP_micro,HMUZ,-5,1,HMUZ,17
GDDY_yfinance,H,-999,0,H,0
GD_yfinance,H,-999,0,H,0
GEHC_yfinance,H,-999,0,H,0
GEN_yfinance,H,-999,0,H,0
GEV_yfinance,H,-999,0,H,0
GE_yfinance,H,-999,0,H,0
GICS,FGHJKMNQUVXZ,-10,1,FGHJKMNQUVXZ,15
GICS-EXCESS,FGHJKMUXZ,-5,1,FGHJKMUXZ,18
GILD_yfinance,H,-999,0,H,0
GILT,HMUZ,-5,1,HMUZ,28
GILT2,HMUZ,-5,1,HMUZ,26
GILT5,HMUZ,-5,1,HMUZ,23
GIS_yfinance,H,-999,0,H,0
GLW_yfinance,H,-999,0,H,0
GL_yfinance,H,-999,0,H,0
GM_yfinance,H,-999,0,H,0
GNRC_yfinance,H,-999,0,H,0
GOLD,GJMQVZ,-30,1,GJMQVZ,26
GOLD-CHINA,FGHJKMNQUVXZ,-5,1,FGHJKMNQUVXZ,29
GOLD-CHINA-USD,FGHJMQVZ,-5,1,FGHJMQVZ,26
GOLD-CN-HK,FGHJKMNQUVXZ,-5,1,FGHJKMNQUVXZ,14
GOLD-HK,FGHJKMNQUVXZ,-5,1,FGHJKMNQUVXZ,17
GOLD-JPN,GJMQVZ,-5,1,GJMQVZ,22
GOLD-JPN_mini,GJMQVZ,-5,1,GJMQVZ,20
GOLD-mini,GJMQVZ,-30,1,GJMQVZ,26
GOLD_micro,GJMQVZ,-40,1,GJMQVZ,26
GOOGL_yfinance,H,-999,0,H,0
GOOG_yfinance,H,-999,0,H,0
GPC_yfinance,H,-999,0,H,0
GPN_yfinance,H,-999,0,H,0
GRMN_yfinance,H,-999,0,H,0
GS_yfinance,H,-999,0,H,0
GWW_yfinance,H,-999,0,H,0
HAL_yfinance,H,-999,0,H,0
HANG,FGHJKMNQUVXZ,-5,1,FGHJKMNQUVXZ,26
HANG-DIV,Z,-250,-1,Z,26
HANGENT,FGHJKMNQUVXZ,-5,1,FGHJKMNQUVXZ,28
HANGENT-GTR,FGHJKMNQUVXZ,-5,1,FGHJKMNQUVXZ,23
HANGENT-NTR,FGHJKMNQUVXZ,-5,1,FGHJKMNQUVXZ,25
HANGENT_mini,FGHJKMNQUVXZ,-10,1,FGHJKMNQUVXZ,28
HANGTECH,FGHJKMNQUVXZ,-5,1,FGHJKMNQUVXZ,25
HANG_mini,FGHJKMNQUVXZ,-5,1,FGHJKMNQUVXZ,23
HAS_yfinance,H,-999,0,H,0
HBAN_yfinance,H,-999,0,H,0
HCA_yfinance,H,-999,0,H,0
HD_yfinance,H,-999,0,H,0
HEAT-DEG-AMS,FGHJVXZ,-5,1,FGHJVXZ,20
HEAT-DEG-LON,FGHJVXZ,-5,1,FGHJVXZ,20
HEAT-DEG-NY,FGHJVXZ,-5,1,FGHJVXZ,20
HEATOIL,FGHJKMNQUVXZ,-60,-1,FGHJKMNQUVXZ,14
HEATOIL-ICE,FGHJKMNQUVXZ,-5,1,FGHJKMNQUVXZ,26
HEATOIL-mini,FGHJKMNQUVXZ,-30,1,FGHJKMNQUVXZ,14
HEATOIL_micro,FGHJKMNQUVXZ,-5,1,FGHJKMNQUVXZ,24
HIBOR,FGHJKMNQUVXZ,-5,1,FGHJKMNQUVXZ,16
HIGHYIELD,FGHJKMNQUVXZ,-5,1,FGHJKMNQUVXZ,3
HIG_yfinance,H,-999,0,H,0
HII_yfinance,H,-999,0,H,0
HLT_yfinance,H,-999,0,H,0
HOLX_yfinance,H,-999,0,H,0
HON_yfinance,H,-999,0,H,0
HOOD_yfinance,H,-999,0,H,0
HOUSE-BO,GKQX,-5,1,GKQX,19
HOUSE-CG,GKQX,-5,1,GKQX,26
HOUSE-DC,GKQX,-5,1,GKQX,22
HOUSE-DN,GKQX,-5,1,GKQX,19
HOUSE-LA,GKQX,-5,1,GKQX,23
HOUSE-LV,GKQX,-5,1,GKQX,19
HOUSE-MI,GKQX,-5,1,GKQX,23
HOUSE-NY,GKQX,-5,1,GKQX,27
HOUSE-SD,GKQX,-5,1,GKQX,25
HOUSE-SF,GKQX,-5,1,GKQX,29
HOUSE-US,GKQX,-5,1,GKQX,15
HPE_yfinance,H,-999,0,H,0
HPQ_yfinance,H,-999,0,H,0
HRL_yfinance,H,-999,0,H,0
HSCEI-DIV,Z,-250,-1,Z,22
HSIC_yfinance,H,-999,0,H,0
HST_yfinance,H,-999,0,H,0
HSY_yfinance,H,-999,0,H,0
HUBB_yfinance,H,-999,0,H,0
HUF,HMUZ,-5,1,HMUZ,22
HUFEUR,HMUZ,-5,1,HMUZ,19
HUM_yfinance,H,-999,0,H,0
HWM_yfinance,H,-999,0,H,0
IBEX,FGHJKMNQUVXZ,-10,1,FGHJKMNQUVXZ,15
IBEX_mini,FGHJKMNQUVXZ,-10,1,FGHJKMNQUVXZ,15
IBKR_yfinance,H,-999,0,H,0
IBM_yfinance,H,-999,0,H,0
ICE_yfinance,H,-999,0,H,0
IDXX_yfinance,H,-999,0,H,0
IEX_yfinance,H,-999,0,H,0
IFF_yfinance,H,-999,0,H,0
IG,FGHJKMNQUVXZ,-5,1,FGHJKMNQUVXZ,3
INCY_yfinance,H,-999,0,H,0
IND-BANK,FGHJKMNQUVXZ,-5,1,FGHJKMNQUVXZ,15
IND-FIN,FGHJKMNQUVXZ,-5,1,FGHJKMNQUVXZ,15
INR,FGHJKMNQUVXZ,-10,1,FGHJKMNQUVXZ,15
INR-SGX,FGHJKMNQUVXZ,-10,1,FGHJKMNQUVXZ,15
INR-SGX1,FGHJKMNQUVXZ,-5,1,FGHJKMNQUVXZ,14
INR-SGX2,FGHJKMNQUVXZ,-5,1,FGHJKMNQUVXZ,24
INR-micro,FGHJKMNQUVXZ,-10,1,FGHJKMNQUVXZ,15
INTC_yfinance,H,-999,0,H,0
INTU_yfinance,H,-999,0,H,0
INVH_yfinance,H,-999,0,H,0
IPC,FGHJKMNQUVXZ,-5,1,FGHJKMNQUVXZ,15
IP_yfinance,H,-999,0,H,0
IQV_yfinance,H,-999,0,H,0
IRM_yfinance,H,-999,0,H,0
IRON,FGHJKMNQUVXZ,-60,-1,FGHJKMNQUVXZ,27
IRON-CME,FGHJKMNQUVXZ,-5,1,FGHJKMNQUVXZ,20
IRON-HK,FGHJKMNQUVXZ,-5,1,FGHJKMNQUVXZ,16
IRS,HMUZ,-10,1,HMUZ,15
IR_yfinance,H,-999,0,H,0
ISRG_yfinance,H,-999,0,H,0
ITW_yfinance,H,-999,0,H,0
IT_yfinance,H,-999,0,H,0
IVZ_yfinance,H,-999,0,H,0
JBHT_yfinance,H,-999,0,H,0
JBL_yfinance,H,-999,0,H,0
JCI_yfinance,H,-999,0,H,0
JGB,HMUZ,-20,1,HMUZ,15
JGB-SGX-mini,HMUZ,-20,1,HMUZ,15
JGB-mini,HMUZ,-20,1,HMUZ,15
JKHY_yfinance,H,-999,0,H,0
JNJ_yfinance,H,-999,0,H,0
JP-REALESTATE,HMUZ,-5,1,HMUZ,15
JPM_yfinance,H,-999,0,H,0
JPY,HMUZ,-5,1,HMUZ,17
JPY-SGX,FGHJKMNQUVXZ,-5,1,FGHJKMNQUVXZ,15
JPY-SGX-TITAN,FGHJKMNQUVXZ,-5,1,FGHJKMNQUVXZ,18
JPYINR,FGHJKMNQUVXZ,-10,1,FGHJKMNQUVXZ,20
JPY_micro,HMUZ,-5,1,HMUZ,20
JPY_mini,HMUZ,-5,1,HMUZ,17
J_yfinance,H,-999,0,H,0
KDP_yfinance,H,-999,0,H,0
KEYS_yfinance,H,-999,0,H,0
KEY_yfinance,H,-999,0,H,0
KHC_yfinance,H,-999,0,H,0
KIM_yfinance,H,-999,0,H,0
KKR_yfinance,H,-999,0,H,0
KLAC_yfinance,H,-999,0,H,0
KMB_yfinance,H,-999,0,H,0
KMI_yfinance,H,-999,0,H,0
KOSDAQ,HMUZ,-1,1,HMUZ,13
KOSPI,HMUZ,-1,1,HMUZ,13
KOSPI300,HMUZ,-5,1,HMUZ,20
KOSPI_mini,FGHJKMNQUVXZ,-1,1,FGHJKMNQUVXZ,13
KO_yfinance,H,-999,0,H,0
KR10,HMUZ,-1,1,HMUZ,18
KR3,HMUZ,-1,1,HMUZ,18
KRW,FGHJKMNQUVXZ,-10,1,FGHJKMNQUVXZ,12
KRWJPY,FGHJKMNQUVXZ,-5,1,FGHJKMNQUVXZ,18
KRWUSD,FGHJKMNQUVXZ,-10,1,FGHJKMNQUVXZ,15
KRWUSD_mini,FGHJKMNQUVXZ,-10,1,FGHJKMNQUVXZ,15
KR_yfinance,H,-999,0,H,0
KVUE_yfinance,H,-999,0,H,0
LDOS_yfinance,H,-999,0,H,0
LEAD_LME,FGHJKMNQUVXZ,-45,1,FGHJKMNQUVXZ,14
LEANHOG,GJMNQVZ,-60,-1,GJKMNQVZ,13
LEN_yfinance,H,-999,0,H,0
LHX_yfinance,H,-999,0,H,0
LH_yfinance,H,-999,0,H,0
LIBOR1,FGHJKMNQUVXZ,-5,1,FGHJKMNQUVXZ,15
LII_yfinance,H,-999,0,H,0
LIN_yfinance,H,-999,0,H,0
LIVECOW,GJMQVZ,-60,-1,GJMQVZ,28
LLY_yfinance,H,-999,0,H,0
LMT_yfinance,H,-999,0,H,0
LNT_yfinance,H,-999,0,H,0
LOW_yfinance,H,-999,0,H,0
LRCX_yfinance,H,-999,0,H,0
LULU_yfinance,H,-999,0,H,0
LUMBER,FHKNUX,-50,1,FHKNUX,15
LUMBER-new,FHKNUX,-50,1,FHKNUX,15
LUV_yfinance,H,-999,0,H,0
LVS_yfinance,H,-999,0,H,0
LW_yfinance,H,-999,0,H,0
LYB_yfinance,H,-999,0,H,0
LYV_yfinance,H,-999,0,H,0
L_yfinance,H,-999,0,H,0
MAA_yfinance,H,-999,0,H,0
MARS-ARGUS,FGHJKMNQUVXZ,-5,1,FGHJKMNQUVXZ,19
MAR_yfinance,H,-999,0,H,0
MAS_yfinance,H,-999,0,H,0
MA_yfinance,H,-999,0,H,0
MCD_yfinance,H,-999,0,H,0
MCHP_yfinance,H,-999,0,H,0
MCK_yfinance,H,-999,0,H,0
MCO_yfinance,H,-999,0,H,0
MDLZ_yfinance,H,-999,0,H,0
MDT_yfinance,H,-999,0,H,0
META_yfinance,H,-999,0,H,0
MET_yfinance,H,-999,0,H,0
MGM_yfinance,H,-999,0,H,0
MIB,HMUZ,-5,1,HMUZ,20
MIB-DIVI,MZ,-5,1,MZ,19
MIB_micro,HMUZ,-5,1,HMUZ,18
MIB_mini,HMUZ,-5,1,HMUZ,18
MID-DAX,HMUZ,-5,1,HMUZ,15
MILK,FGHJKMNQUVXZ,-60,-1,FGHJKMNQUVXZ,14
MILKDRY,FGHJKMNQUVXZ,-180,-1,FGHJKMNQUVXZ,18
MILKWET,FGHJKMNQUVXZ,-90,-1,FGHJKMNQUVXZ,15
MILLWHEAT,HKUZ,-60,-1,HKUZ,9
MKC_yfinance,H,-999,0,H,0
MLM_yfinance,H,-999,0,H,0
MMM_yfinance,H,-999,0,H,0
MNST_yfinance,H,-999,0,H,0
MOH_yfinance,H,-999,0,H,0
MOS_yfinance,H,-999,0,H,0
MO_yfinance,H,-999,0,H,0
MPC_yfinance,H,-999,0,H,0
MPWR_yfinance,H,-999,0,H,0
MRK_yfinance,H,-999,0,H,0
MRNA_yfinance,H,-999,0,H,0
MRSH_yfinance,H,-999,0,H,0
MSCIASIA,HMUZ,-5,1,HMUZ,15
MSCIBRAZIL,HMUZ,-5,1,HMUZ,15
MSCIEAFA,HMUZ,-5,1,HMUZ,19
MSCIEM,HJKMUZ,-10,1,HJKMUZ,17
MSCIEM-LIFFE,HMUZ,-5,1,HMUZ,15
MSCIEMASIA,M,-5,1,M,17
MSCIEURONET,HMUZ,-5,1,HMUZ,19
MSCIEURONET-ICE,HMUZ,-5,1,HMUZ,15
MSCIEUROPE,HJKMUZ,-10,1,HJKMUZ,17
MSCIEUROPE-ICE,HMUZ,-5,1,HMUZ,15
MSCIEUROPE-LIFFE,HMUZ,-5,1,HMUZ,20
MSCIINDO,FGHJKMNQUVXZ,-5,1,FGHJKMNQUVXZ,21
MSCIJAPAN,HMUZ,-5,1,HMUZ,20
MSCIJAPAN-LIFFE,HMUZ,-5,1,HMUZ,20
MSCILATIN,HMUZ,-5,1,HMUZ,20
MSCIPANEURO-LIFFE,HMUZ,-5,1,HMUZ,21
MSCISING,FGHJKMNQUVXZ,-5,1,FGHJKMNQUVXZ,27
MSCITAIWAN,FGHJKMNQUVXZ,-5,1,FGHJKMNQUVXZ,24
MSCIUSA,HMUZ,-5,1,HMUZ,19
MSCIWORLD,HMUZ,-5,1,HMUZ,15
MSCIWORLD-MINVOL,HMUZ,-5,1,HMUZ,15
MSCIWORLDNET-EUR,HMUZ,-5,1,HMUZ,19
MSCIWORLDNET-USD,HMUZ,-5,1,HMUZ,19
MSCI_yfinance,H,-999,0,H,0
MSFT_yfinance,H,-999,0,H,0
MSI_yfinance,H,-999,0,H,0
MS_yfinance,H,-999,0,H,0
MTB_yfinance,H,-999,0,H,0
MTCH_yfinance,H,-999,0,H,0
MTD_yfinance,H,-999,0,H,0
MUMMY,HMUZ,-5,1,HMUZ,14
MU_yfinance,H,-999,0,H,0
MXP,HMUZ,-5,1,HMUZ,17
MXP_BBG,HMUZ,-5,1,HMUZ,17
NASDAQ,HMUZ,-5,1,HMUZ,14
NASDAQ_micro,HMUZ,-5,1,HMUZ,14
NASDAQ_mini,HMUZ,-5,1,HMUZ,18
NCLH_yfinance,H,-999,0,H,0
NDAQ_yfinance,H,-999,0,H,0
NDSN_yfinance,H,-999,0,H,0
NEE_yfinance,H,-999,0,H,0
NEM_yfinance,H,-999,0,H,0
NFLX_yfinance,H,-999,0,H,0
NICKEL_LME,FGHJKMNQUVXZ,-45,1,FGHJKMNQUVXZ,14
NIFTY,FGHJKMNQUVXZ,-10,1,FGHJKMNQUVXZ,15
NIFTY-IN,FGHJKMNQUVXZ,-10,1,FGHJKMNQUVXZ,20
NIKKEI,HMUZ,-5,1,FGHJKMNQUVXZ,14
NIKKEI-CME,HMUZ,-5,1,HMUZ,19
NIKKEI-JPY,FGHJKMNUVXZ,-10,1,FGHJKMNUVXZ,19
NIKKEI-JPY_mini,HMUZ,-10,1,HMUZ,15
NIKKEI-SGX,FGHJKMNQUVXZ,-10,1,FGHJKMNQUVXZ,21
NIKKEI-SGX-DIV,Z,-10,1,Z,20
NIKKEI-SGX-USD,HMUZ,-10,1,HMUZ,14
NIKKEI-SGX_mini,FGHJKMNQUVXZ,-10,1,FGHJKMNQUVXZ,18
NIKKEI400,HMUZ,-5,1,HMUZ,14
NIKKEI_large,HMUZ,-5,1,HMUZ,19
NI_yfinance,H,-999,0,H,0
NKE_yfinance,H,-999,0,H,0
NOC_yfinance,H,-999,0,H,0
NOK,HMUZ,-5,1,HMUZ,17
NOW_yfinance,H,-999,0,H,0
NRG_yfinance,H,-999,0,H,0
NSC_yfinance,H,-999,0,H,0
NTAP_yfinance,H,-999,0,H,0
NTRS_yfinance,H,-999,0,H,0
NUE_yfinance,H,-999,0,H,0
NVDA_yfinance,H,-999,0,H,0
NVR_yfinance,H,-999,0,H,0
NWSA_yfinance,H,-999,0,H,0
NWS_yfinance,H,-999,0,H,0
NXPI_yfinance,H,-999,0,H,0
NZD,HMUZ,-10,1,HMUZ,17
OAT,HMUZ,-5,1,HMUZ,6
OAT5,HMUZ,-5,1,HMUZ,20
OATIES,HKNUZ,-90,-1,HKNUZ,14
ODFL_yfinance,H,-999,0,H,0
OJ,FHKNUX,-40,1,FHKNUX,9
OKE_yfinance,H,-999,0,H,0
OMC_yfinance,H,-999,0,H,0
OMX,HMUZ,-10,1,HMUZ,15
OMX-SWE,FGHJKMNQUVXZ,-5,1,FGHJKMNQUVXZ,19
OMXESG,FGHJKMNQUVXZ,-5,1,FGHJKMNQUVXZ,13
OMXSB,HMUZ,-5,1,HMUZ,-14
ON_yfinance,H,-999,0,H,0
ORCL_yfinance,H,-999,0,H,0
ORLY_yfinance,H,-999,0,H,0
OTIS_yfinance,H,-999,0,H,0
OXY_yfinance,H,-999,0,H,0
O_yfinance,H,-999,0,H,0
PALLAD,HMUZ,-30,1,HMUZ,26
PANW_yfinance,H,-999,0,H,0
PAYC_yfinance,H,-999,0,H,0
PAYX_yfinance,H,-999,0,H,0
PCAR_yfinance,H,-999,0,H,0
PCG_yfinance,H,-999,0,H,0
PEG_yfinance,H,-999,0,H,0
PEP_yfinance,H,-999,0,H,0
PFE_yfinance,H,-999,0,H,0
PFG_yfinance,H,-999,0,H,0
PGR_yfinance,H,-999,0,H,0
PG_yfinance,H,-999,0,H,0
PHM_yfinance,H,-999,0,H,0
PH_yfinance,H,-999,0,H,0
PIPELINE,FGHJKMNQUVXZ,-5,1,FGHJKMNQUVXZ,27
PKG_yfinance,H,-999,0,H,0
PLAT,FJNV,-30,1,FJNV,26
PLAT-JPN,GJMQVZ,-5,1,GJMQVZ,24
PLAT-JPN_mini,GJMQVZ,-5,1,GJMQVZ,23
PLD_yfinance,H,-999,0,H,0
PLN,HMUZ,-10,1,HMUZ,15
PLTR_yfinance,H,-999,0,H,0
PLZEUR,HMUZ,-5,1,HMUZ,12
PM_yfinance,H,-999,0,H,0
PNC_yfinance,H,-999,0,H,0
PNR_yfinance,H,-999,0,H,0
PNW_yfinance,H,-999,0,H,0
PODD_yfinance,H,-999,0,H,0
POOL_yfinance,H,-999,0,H,0
PPG_yfinance,H,-999,0,H,0
PPL_yfinance,H,-999,0,H,0
PRU_yfinance,H,-999,0,H,0
PSA_yfinance,H,-999,0,H,0
PSKY_yfinance,H,-999,0,H,0
PSX_yfinance,H,-999,0,H,0
PTC_yfinance,H,-999,0,H,0
PWR_yfinance,H,-999,0,H,0
PYPL_yfinance,H,-999,0,H,0
QCOM_yfinance,H,-999,0,H,0
Q_yfinance,H,-999,0,H,0
R1000,HMUZ,-10,1,HMUZ,18
R1000GROWTH-mini,HMUZ,-10,1,HMUZ,18
R1000_mini,HMUZ,-10,1,HMUZ,18
RAPESEED,GKQX,-60,-1,GKQX,27
RCL_yfinance,H,-999,0,H,0
REDWHEAT,HKNUZ,-90,-1,HKNUZ,14
REGN_yfinance,H,-999,0,H,0
REG_yfinance,H,-999,0,H,0
RF_yfinance,H,-999,0,H,0
RICE,FHKNUX,-90,-1,FHKNUX,14
RJF_yfinance,H,-999,0,H,0
RL_yfinance,H,-999,0,H,0
RMD_yfinance,H,-999,0,H,0
ROBUSTA,FHKNUX,-50,-1,FHKNUX,24
ROK_yfinance,H,-999,0,H,0
ROL_yfinance,H,-999,0,H,0
ROP_yfinance,H,-999,0,H,0
ROST_yfinance,H,-999,0,H,0
RSG_yfinance,H,-999,0,H,0
RTX_yfinance,H,-999,0,H,0
RUBBER,FGHJKMNQUVXZ,-30,1,FGHJKMNQUVXZ,-1
RUBBER-RSS,FGHJKMNQUVXZ,-87,1,FGHJKMNQUVXZ,24
RUR,HMUZ,-5,1,HMUZ,17
RUSSELL,HMUZ,-5,1,HMUZ,15
RUSSELL-GROWTH,HMUZ,-5,1,HMUZ,17
RUSSELL-VALUE,HMUZ,-5,1,HMUZ,17
RUSSELL_mini,HMUZ,-5,1,HMUZ,15
RVTY_yfinance,H,-999,0,H,0
SARONA,HMUZ,-200,-1,HMUZ,19
SBAC_yfinance,H,-999,0,H,0
SBUX_yfinance,H,-999,0,H,0
SCHW_yfinance,H,-999,0,H,0
SEK,HMUZ,-5,1,HMUZ,17
SGD,FGHJKMNQUVXZ,-10,1,FGHJKMNQUVXZ,15
SGD_mini,FGHJKMNQUVXZ,-10,1,FGHJKMNQUVXZ,15
SGX,FGHJKMNQUVXZ,-10,1,FGHJKMNQUVXZ,15
SHATZ,HMUZ,-5,1,HMUZ,6
SHW_yfinance,H,-999,0,H,0
SILVER,HKNUZ,-45,-1,FGHJKMNQUVXZ,26
SILVER-mini,FHKNUZ,-45,-1,FHKNUZ,-5
SING-REALESTATE,FGHJKMNQUVXZ,-5,1,FGHJKMNQUVXZ,23
SJM_yfinance,H,-999,0,H,0
SLB_yfinance,H,-999,0,H,0
SMCI_yfinance,H,-999,0,H,0
SMI,HMUZ,-5,1,HMUZ,14
SMI-DIV,Z,-5,1,Z,19
SMI-MID,HMUZ,-5,1,HMUZ,14
SMIETF,HMUZ,-5,1,HMUZ,19
SNA_yfinance,H,-999,0,H,0
SNDK_yfinance,H,-999,0,H,0
SNPS_yfinance,H,-999,0,H,0
SOFR,HMUZ,-1000,-1,HMUZ,18
SOFR1,HMUZ,-200,-1,HMUZ,5
SOFR_BBG,HMUZ,-1000,-1,HMUZ,18
SOLV_yfinance,H,-999,0,H,0
SONIA,HMUZ,-5,1,HMUZ,14
SONIA1,FGHJKMNQUVXZ,-5,1,FGHJKMNQUVXZ,27
SONIA3,HMUZ,-1000,-1,HMUZ,9
SOYBEAN,X,-60,-1,FHKNQUX,13
SOYBEAN_mini,FHKNQUX,-45,1,FHKNQUX,13
SOYMEAL,FHKNQUVZ,-90,-1,FHKNQUVZ,14
SOYOIL,FHKNQUVZ,-90,-1,FHKNQUVZ,14
SO_yfinance,H,-999,0,H,0
SP400,HMUZ,-5,1,HMUZ,15
SP500,HMUZ,-5,1,HMUZ,14
SP500-GROWTH,HMZ,-5,1,HMZ,19
SP500-VALUE,HMZ,-5,1,HMZ,18
SP500_micro,HMUZ,-5,1,HMUZ,14
SP500_mini,HMUZ,-5,1,HMUZ,17
SP600-SMALL,HMUZ,-5,1,HMUZ,19
SPGI_yfinance,H,-999,0,H,0
SPG_yfinance,H,-999,0,H,0
SPI200,HMUZ,-30,1,FGHJKMNQUVXZ,14
SPY,H,-999,0,H,0
SPY_yfinance,H,-999,0,H,0
SPY_yfinance_adj,H,-999,0,H,0
SPY_yfinance_unadj,H,-999,0,H,0
SRE_yfinance,H,-999,0,H,0
STEEL,FGHJKMNQUVXZ,-90,-1,FGHJKMNQUVXZ,15
STERLING3,HMUZ,-30,1,FGHJKMNQUVXZ,15
STE_yfinance,H,-999,0,H,0
STLD_yfinance,H,-999,0,H,0
STT_yfinance,H,-999,0,H,0
STX_yfinance,H,-999,0,H,0
STZ_yfinance,H,-999,0,H,0
SUGAR11,HKNV,-60,-1,HKNV,-2
SUGAR16,FHKNUX,-60,-1,FHKNUX,7
SUGAR_WHITE,HKQVZ,-60,-1,HKQVZ,-2
SWISSLEAD,HMUZ,-5,1,HMUZ,14
SWKS_yfinance,H,-999,0,H,0
SWK_yfinance,H,-999,0,H,0
SW_yfinance,H,-999,0,H,0
SYF_yfinance,H,-999,0,H,0
SYK_yfinance,H,-999,0,H,0
SYY_yfinance,H,-999,0,H,0
TAP_yfinance,H,-999,0,H,0
TDG_yfinance,H,-999,0,H,0
TDY_yfinance,H,-999,0,H,0
TECDAX,HMUZ,-5,1,HMUZ,19
TECH_yfinance,H,-999,0,H,0
TEL_yfinance,H,-999,0,H,0
TER_yfinance,H,-999,0,H,0
TFC_yfinance,H,-999,0,H,0
TGT_yfinance,H,-999,0,H,0
THB,FGHJKMNQUVXZ,-10,1,FGHJKMNQUVXZ,29
TIN_LME,FGHJKMNQUVXZ,-45,1,FGHJKMNQUVXZ,14
TJX_yfinance,H,-999,0,H,0
TKO_yfinance,H,-999,0,H,0
TMO_yfinance,H,-999,0,H,0
TMUS_yfinance,H,-999,0,H,0
TOPIX,HMUZ,-5,1,HMUZ,14
TOPIX30,HMUZ,-5,1,HMUZ,13
TOPIX_Large,HMUZ,-5,1,HMUZ,15
TPL_yfinance,H,-999,0,H,0
TPR_yfinance,H,-999,0,H,0
TRGP_yfinance,H,-999,0,H,0
TRMB_yfinance,H,-999,0,H,0
TROW_yfinance,H,-999,0,H,0
TRV_yfinance,H,-999,0,H,0
TSCO_yfinance,H,-999,0,H,0
TSE60,HMUZ,-5,1,HMUZ,14
TSLA_yfinance,H,-999,0,H,0
TSN_yfinance,H,-999,0,H,0
TSX,HMUZ,-5,1,HMUZ,16
TTD_yfinance,H,-999,0,H,0
TTWO_yfinance,H,-999,0,H,0
TT_yfinance,H,-999,0,H,0
TWD,FGHJKMNQUVXZ,-5,1,FGHJKMNQUVXZ,15
TWD-mini,FGHJKMNQUVXZ,-5,1,FGHJKMNQUVXZ,15
TXN_yfinance,H,-999,0,H,0
TXT_yfinance,H,-999,0,H,0
TYL_yfinance,H,-999,0,H,0
T_yfinance,H,-999,0,H,0
UAL_yfinance,H,-999,0,H,0
UBER_yfinance,H,-999,0,H,0
UDR_yfinance,H,-999,0,H,0
UHS_yfinance,H,-999,0,H,0
ULTA_yfinance,H,-999,0,H,0
UMBS-20,FGHJKZ,-5,1,FGHJKZ,15
UMBS-25,FGHJKZ,-5,1,FGHJKZ,15
UMBS-30,FGHJKZ,-5,1,FGHJKZ,15
UMBS-35,FGHJKZ,-5,1,FGHJKZ,15
UMBS-40,FGHJKZ,-5,1,FGHJKZ,15
UMBS-45,FGHJKZ,-5,1,FGHJKZ,15
UMBS-50,FGHJKZ,-5,1,FGHJKZ,15
UNH_yfinance,H,-999,0,H,0
UNP_yfinance,H,-999,0,H,0
UPS_yfinance,H,-999,0,H,0
URANIUM,FGHJKMNQUVXZ,-5,1,FGHJKMNQUVXZ,17
URI_yfinance,H,-999,0,H,0
US-BIOTECH,HMUZ,-5,1,HMUZ,21
US-DISCRETE,HMUZ,-5,1,HMUZ,15
US-ENERGY,HMUZ,-5,1,HMUZ,15
US-FINANCE,HMUZ,-5,1,HMUZ,15
US-HEALTH,HMUZ,-5,1,HMUZ,15
US-INDUSTRY,HMUZ,-5,1,HMUZ,15
US-INSURE,HMUZ,-5,1,HMUZ,20
US-MATERIAL,HMUZ,-5,1,HMUZ,15
US-OILGAS,HMUZ,-5,1,HMUZ,18
US-PROPERTY,HMUZ,-5,1,HMUZ,15
US-REALESTATE,HMUZ,-2,1,HMUZ,17
US-REGBANK,HMUZ,-5,1,HMUZ,20
US-RETAIL,HMUZ,-5,1,HMUZ,21
US-SEMICONDUCTOR,HMUZ,-5,1,HMUZ,20
US-STAPLES,HMUZ,-5,1,HMUZ,15
US-TECH,HMUZ,-5,1,HMUZ,15
US-UTILS,HMUZ,-5,1,HMUZ,15
US10,HMUZ,-25,1,HMUZ,19
US10U,HMUZ,-25,1,HMUZ,19
US10Y_micro,FGHJKMNQUVXZ,-5,1,FGHJKMNQUVXZ,29
US10Y_small,FGHJKMNQUVXZ,-5,1,FGHJKMNQUVXZ,15
US10_BBG,HMUZ,-25,1,HMUZ,19
US2,HMUZ,-25,1,HMUZ,19
US20,HMUZ,-25,1,HMUZ,19
US20-new,HMUZ,-25,1,HMUZ,19
US2Y_micro,FGHJKMNQUVXZ,-5,1,FGHJKMNQUVXZ,29
US2Y_small,FGHJKMNQUVXZ,-5,1,FGHJKMNQUVXZ,15
US3,HMUZ,-25,1,HMUZ,19
US30,HMUZ,-25,1,HMUZ,19
US30Y_micro,FGHJKMNQUVXZ,-5,1,FGHJKMNQUVXZ,29
US30Y_small,FGHJKMNQUVXZ,-5,1,FGHJKMNQUVXZ,14
US5,HMUZ,-25,1,HMUZ,19
US5Y_micro,FGHJKMNQUVXZ,-5,1,FGHJKMNQUVXZ,28
USB_yfinance,H,-999,0,H,0
USDCAD_micro,HMUZ,-5,1,HMUZ,19
USDCHF_micro,FGHJKMNQUVXZ,-10,1,FGHJKMNQUVXZ,15
USDCNH-CME,FGHJKMNQUVXZ,-5,1,FGHJKMNQUVXZ,20
USDCNH-HK,FGHJKMNQUVXZ,-5,1,FGHJKMNQUVXZ,14
USDCNH-SGX_mini,FGHJKMNQUVXZ,-5,1,FGHJKMNQUVXZ,15
USDINR,FGHJKMNQUVXZ,-5,1,FGHJKMNQUVXZ,15
USDKRW,HMUZ,-10,1,HMUZ,15
USDMXP,FGHJKMNQUVXZ,-10,1,FGHJKMNQUVXZ,15
USIRS10,HMUZ,-20,1,HMUZ,15
USIRS10ERIS,HMZ,-5,1,HMZ,19
USIRS12ERIS,HMUZ,-5,1,HMUZ,-62
USIRS15ERIS,HMUZ,-5,1,HMUZ,-58
USIRS2,HMZ,-5,1,HMZ,19
USIRS20ERIS,HMUZ,-5,1,HMUZ,-18
USIRS2ERIS,HMUZ,-740,1,HMUZ,15
USIRS30,HMZ,-5,1,HMZ,19
USIRS3ERIS,HMUZ,-5,1,HMUZ,19
USIRS4ERIS,HMUZ,-5,1,HMUZ,19
USIRS5,HMUZ,-20,1,HMUZ,15
USIRS5ERIS,HMUZ,-1835,1,HMUZ,15
USIRS5ERIS_SOFR,HMUZ,-1835,1,HMUZ,15
USIRS7ERIS,HMUZ,-5,1,HMUZ,19
V2X,FGHJKMNQUVXZ,-60,-1,FGHJKMNQUVXZ,19
V2X_BBG,FGHJKMNQUVXZ,-60,-1,FGHJKMNQUVXZ,19
VHANG,FGHJKMNQUVXZ,-5,1,FGHJKMNQUVXZ,26
VICI_yfinance,H,-999,0,H,0
VIX,FGHJKMNQUVXZ,-60,-1,FGHJKMNQUVXZ,19
VIX_mini,FGHJKMNQUVXZ,-60,-1,FGHJKMNQUVXZ,19
VLO_yfinance,H,-999,0,H,0
VLTO_yfinance,H,-999,0,H,0
VMC_yfinance,H,-999,0,H,0
VNKI,FGHJKMNQUVXZ,-60,-1,FGHJKMNQUVXZ,15
VOLQ,FGHJKMNQVXZ,-5,1,FGHJKMNQVXZ,17
VRSK_yfinance,H,-999,0,H,0
VRSN_yfinance,H,-999,0,H,0
VRTX_yfinance,H,-999,0,H,0
VST_yfinance,H,-999,0,H,0
VTRS_yfinance,H,-999,0,H,0
VTR_yfinance,H,-999,0,H,0
VZ_yfinance,H,-999,0,H,0
V_yfinance,H,-999,0,H,0
WAB_yfinance,H,-999,0,H,0
WATER-CALI,FGHJKMNQUXZ,-5,1,FGHJKMNQUXZ,16
WAT_yfinance,H,-999,0,H,0
WBD_yfinance,H,-999,0,H,0
WDAY_yfinance,H,-999,0,H,0
WDC_yfinance,H,-999,0,H,0
WEC_yfinance,H,-999,0,H,0
WELL_yfinance,H,-999,0,H,0
WFC_yfinance,H,-999,0,H,0
WHEAT,Z,-60,-1,HKNUZ,13
WHEAT-ASX,FHKNU,-5,1,FHKNU,13
WHEAT_ICE,KX,-100,-1,FHKNX,6
WHEAT_mini,HKNUZ,-30,1,HKNUZ,13
WHEY,FGHJKMNQUVXZ,-40,-1,FGHJKMNQUVXZ,15
WMB_yfinance,H,-999,0,H,0
WMT_yfinance,H,-999,0,H,0
WM_yfinance,H,-999,0,H,0
WRB_yfinance,H,-999,0,H,0
WSM_yfinance,H,-999,0,H,0
WST_yfinance,H,-999,0,H,0
WTW_yfinance,H,-999,0,H,0
WYNN_yfinance,H,-999,0,H,0
WY_yfinance,H,-999,0,H,0
XEL_yfinance,H,-999,0,H,0
XOM_yfinance,H,-999,0,H,0
XYL_yfinance,H,-999,0,H,0
XYZ_yfinance,H,-999,0,H,0
YENEUR,HMUZ,-5,1,HMUZ,15
YENEUR-ICE,HMUZ,-5,1,HMUZ,14
YUM_yfinance,H,-999,0,H,0
ZAR,HMUZ,-5,1,HMUZ,12
ZBH_yfinance,H,-999,0,H,0
ZBRA_yfinance,H,-999,0,H,0
ZINC_LME,FGHJKMNQUVXZ,-45,1,FGHJKMNQUVXZ,14
ZTS_yfinance,H,-999,0,H,0
